"wl","a.450","a.505","a.525","a.545","a.570","a.590","a.625","comp_spectra"
176.12,NA,NA,NA,NA,NA,NA,NA,NA
176.5,NA,NA,NA,NA,NA,NA,NA,NA
176.89,NA,NA,NA,NA,NA,NA,NA,NA
177.28,NA,NA,NA,NA,NA,NA,NA,NA
177.67,NA,NA,NA,NA,NA,NA,NA,NA
178.06,NA,NA,NA,NA,NA,NA,NA,NA
178.45,NA,NA,NA,NA,NA,NA,NA,NA
178.84,NA,NA,NA,NA,NA,NA,NA,NA
179.22,NA,NA,NA,NA,NA,NA,NA,NA
179.61,NA,NA,NA,NA,NA,NA,NA,NA
180,NA,NA,NA,NA,NA,NA,NA,NA
180.39,NA,NA,NA,NA,NA,NA,NA,NA
180.78,NA,NA,NA,NA,NA,NA,NA,NA
181.16,NA,NA,NA,NA,NA,NA,NA,NA
181.55,NA,NA,NA,NA,NA,NA,NA,NA
181.94,NA,NA,NA,NA,NA,NA,NA,NA
182.33,NA,NA,NA,NA,NA,NA,NA,NA
182.72,NA,NA,NA,NA,NA,NA,NA,NA
183.1,NA,NA,NA,NA,NA,NA,NA,NA
183.49,NA,NA,NA,NA,NA,NA,NA,NA
183.88,NA,NA,NA,NA,NA,NA,NA,NA
184.27,NA,NA,NA,NA,NA,NA,NA,NA
184.66,NA,NA,NA,NA,NA,NA,NA,NA
185.04,NA,NA,NA,NA,NA,NA,NA,NA
185.43,NA,NA,NA,NA,NA,NA,NA,NA
185.82,NA,NA,NA,NA,NA,NA,NA,NA
186.21,NA,NA,NA,NA,NA,NA,NA,NA
186.59,NA,NA,NA,NA,NA,NA,NA,NA
186.98,NA,NA,NA,NA,NA,NA,NA,NA
187.37,NA,NA,NA,NA,NA,NA,NA,NA
187.76,NA,NA,NA,NA,NA,NA,NA,NA
188.15,NA,NA,NA,NA,NA,NA,NA,NA
188.53,NA,NA,NA,NA,NA,NA,NA,NA
188.92,NA,NA,NA,NA,NA,NA,NA,NA
189.31,NA,NA,NA,NA,NA,NA,NA,NA
189.69,NA,NA,NA,NA,NA,NA,NA,NA
190.08,NA,NA,NA,NA,NA,NA,NA,NA
190.47,NA,NA,NA,NA,NA,NA,NA,NA
190.86,NA,NA,NA,NA,NA,NA,NA,NA
191.24,NA,NA,NA,NA,NA,NA,NA,NA
191.63,NA,NA,NA,NA,NA,NA,NA,NA
192.02,NA,NA,NA,NA,NA,NA,NA,NA
192.41,NA,NA,NA,NA,NA,NA,NA,NA
192.79,NA,NA,NA,NA,NA,NA,NA,NA
193.18,NA,NA,NA,NA,NA,NA,NA,NA
193.57,NA,NA,NA,NA,NA,NA,NA,NA
193.95,NA,NA,NA,NA,NA,NA,NA,NA
194.34,NA,NA,NA,NA,NA,NA,NA,NA
194.73,NA,NA,NA,NA,NA,NA,NA,NA
195.11,NA,NA,NA,NA,NA,NA,NA,NA
195.5,NA,NA,NA,NA,NA,NA,NA,NA
195.89,NA,NA,NA,NA,NA,NA,NA,NA
196.27,NA,NA,NA,NA,NA,NA,NA,NA
196.66,NA,NA,NA,NA,NA,NA,NA,NA
197.05,NA,NA,NA,NA,NA,NA,NA,NA
197.43,NA,NA,NA,NA,NA,NA,NA,NA
197.82,NA,NA,NA,NA,NA,NA,NA,NA
198.21,NA,NA,NA,NA,NA,NA,NA,NA
198.59,NA,NA,NA,NA,NA,NA,NA,NA
198.98,NA,NA,NA,NA,NA,NA,NA,NA
199.37,NA,NA,NA,NA,NA,NA,NA,NA
199.75,NA,NA,NA,NA,NA,NA,NA,NA
200.14,NA,NA,NA,NA,NA,NA,NA,NA
200.53,NA,NA,NA,NA,NA,NA,NA,NA
200.91,NA,NA,NA,NA,NA,NA,NA,NA
201.3,NA,NA,NA,NA,NA,NA,NA,NA
201.68,NA,NA,NA,NA,NA,NA,NA,NA
202.07,NA,NA,NA,NA,NA,NA,NA,NA
202.46,NA,NA,NA,NA,NA,NA,NA,NA
202.84,NA,NA,NA,NA,NA,NA,NA,NA
203.23,NA,NA,NA,NA,NA,NA,NA,NA
203.61,NA,NA,NA,NA,NA,NA,NA,NA
204,NA,NA,NA,NA,NA,NA,NA,NA
204.39,NA,NA,NA,NA,NA,NA,NA,NA
204.77,NA,NA,NA,NA,NA,NA,NA,NA
205.16,NA,NA,NA,NA,NA,NA,NA,NA
205.54,NA,NA,NA,NA,NA,NA,NA,NA
205.93,NA,NA,NA,NA,NA,NA,NA,NA
206.32,NA,NA,NA,NA,NA,NA,NA,NA
206.7,NA,NA,NA,NA,NA,NA,NA,NA
207.09,NA,NA,NA,NA,NA,NA,NA,NA
207.47,NA,NA,NA,NA,NA,NA,NA,NA
207.86,NA,NA,NA,NA,NA,NA,NA,NA
208.24,NA,NA,NA,NA,NA,NA,NA,NA
208.63,NA,NA,NA,NA,NA,NA,NA,NA
209.02,NA,NA,NA,NA,NA,NA,NA,NA
209.4,NA,NA,NA,NA,NA,NA,NA,NA
209.79,NA,NA,NA,NA,NA,NA,NA,NA
210.17,NA,NA,NA,NA,NA,NA,NA,NA
210.56,NA,NA,NA,NA,NA,NA,NA,NA
210.94,NA,NA,NA,NA,NA,NA,NA,NA
211.33,NA,NA,NA,NA,NA,NA,NA,NA
211.71,NA,NA,NA,NA,NA,NA,NA,NA
212.1,NA,NA,NA,NA,NA,NA,NA,NA
212.48,NA,NA,NA,NA,NA,NA,NA,NA
212.87,NA,NA,NA,NA,NA,NA,NA,NA
213.25,NA,NA,NA,NA,NA,NA,NA,NA
213.64,NA,NA,NA,NA,NA,NA,NA,NA
214.02,NA,NA,NA,NA,NA,NA,NA,NA
214.41,NA,NA,NA,NA,NA,NA,NA,NA
214.79,NA,NA,NA,NA,NA,NA,NA,NA
215.18,NA,NA,NA,NA,NA,NA,NA,NA
215.56,NA,NA,NA,NA,NA,NA,NA,NA
215.95,NA,NA,NA,NA,NA,NA,NA,NA
216.33,NA,NA,NA,NA,NA,NA,NA,NA
216.72,NA,NA,NA,NA,NA,NA,NA,NA
217.1,NA,NA,NA,NA,NA,NA,NA,NA
217.49,NA,NA,NA,NA,NA,NA,NA,NA
217.87,NA,NA,NA,NA,NA,NA,NA,NA
218.26,NA,NA,NA,NA,NA,NA,NA,NA
218.64,NA,NA,NA,NA,NA,NA,NA,NA
219.03,NA,NA,NA,NA,NA,NA,NA,NA
219.41,NA,NA,NA,NA,NA,NA,NA,NA
219.79,NA,NA,NA,NA,NA,NA,NA,NA
220.18,NA,NA,NA,NA,NA,NA,NA,NA
220.56,NA,NA,NA,NA,NA,NA,NA,NA
220.95,NA,NA,NA,NA,NA,NA,NA,NA
221.33,NA,NA,NA,NA,NA,NA,NA,NA
221.72,NA,NA,NA,NA,NA,NA,NA,NA
222.1,NA,NA,NA,NA,NA,NA,NA,NA
222.48,NA,NA,NA,NA,NA,NA,NA,NA
222.87,NA,NA,NA,NA,NA,NA,NA,NA
223.25,NA,NA,NA,NA,NA,NA,NA,NA
223.64,NA,NA,NA,NA,NA,NA,NA,NA
224.02,NA,NA,NA,NA,NA,NA,NA,NA
224.41,NA,NA,NA,NA,NA,NA,NA,NA
224.79,NA,NA,NA,NA,NA,NA,NA,NA
225.17,NA,NA,NA,NA,NA,NA,NA,NA
225.56,NA,NA,NA,NA,NA,NA,NA,NA
225.94,NA,NA,NA,NA,NA,NA,NA,NA
226.32,NA,NA,NA,NA,NA,NA,NA,NA
226.71,NA,NA,NA,NA,NA,NA,NA,NA
227.09,NA,NA,NA,NA,NA,NA,NA,NA
227.48,NA,NA,NA,NA,NA,NA,NA,NA
227.86,NA,NA,NA,NA,NA,NA,NA,NA
228.24,NA,NA,NA,NA,NA,NA,NA,NA
228.63,NA,NA,NA,NA,NA,NA,NA,NA
229.01,NA,NA,NA,NA,NA,NA,NA,NA
229.39,NA,NA,NA,NA,NA,NA,NA,NA
229.78,NA,NA,NA,NA,NA,NA,NA,NA
230.16,NA,NA,NA,NA,NA,NA,NA,NA
230.54,NA,NA,NA,NA,NA,NA,NA,NA
230.93,NA,NA,NA,NA,NA,NA,NA,NA
231.31,NA,NA,NA,NA,NA,NA,NA,NA
231.69,NA,NA,NA,NA,NA,NA,NA,NA
232.08,NA,NA,NA,NA,NA,NA,NA,NA
232.46,NA,NA,NA,NA,NA,NA,NA,NA
232.84,NA,NA,NA,NA,NA,NA,NA,NA
233.23,NA,NA,NA,NA,NA,NA,NA,NA
233.61,NA,NA,NA,NA,NA,NA,NA,NA
233.99,NA,NA,NA,NA,NA,NA,NA,NA
234.38,NA,NA,NA,NA,NA,NA,NA,NA
234.76,NA,NA,NA,NA,NA,NA,NA,NA
235.14,NA,NA,NA,NA,NA,NA,NA,NA
235.53,NA,NA,NA,NA,NA,NA,NA,NA
235.91,NA,NA,NA,NA,NA,NA,NA,NA
236.29,NA,NA,NA,NA,NA,NA,NA,NA
236.67,NA,NA,NA,NA,NA,NA,NA,NA
237.06,NA,NA,NA,NA,NA,NA,NA,NA
237.44,NA,NA,NA,NA,NA,NA,NA,NA
237.82,NA,NA,NA,NA,NA,NA,NA,NA
238.21,NA,NA,NA,NA,NA,NA,NA,NA
238.59,NA,NA,NA,NA,NA,NA,NA,NA
238.97,NA,NA,NA,NA,NA,NA,NA,NA
239.35,NA,NA,NA,NA,NA,NA,NA,NA
239.74,NA,NA,NA,NA,NA,NA,NA,NA
240.12,NA,NA,NA,NA,NA,NA,NA,NA
240.5,NA,NA,NA,NA,NA,NA,NA,NA
240.88,NA,NA,NA,NA,NA,NA,NA,NA
241.27,NA,NA,NA,NA,NA,NA,NA,NA
241.65,NA,NA,NA,NA,NA,NA,NA,NA
242.03,NA,NA,NA,NA,NA,NA,NA,NA
242.41,NA,NA,NA,NA,NA,NA,NA,NA
242.79,NA,NA,NA,NA,NA,NA,NA,NA
243.18,NA,NA,NA,NA,NA,NA,NA,NA
243.56,NA,NA,NA,NA,NA,NA,NA,NA
243.94,NA,NA,NA,NA,NA,NA,NA,NA
244.32,NA,NA,NA,NA,NA,NA,NA,NA
244.7,NA,NA,NA,NA,NA,NA,NA,NA
245.09,NA,NA,NA,NA,NA,NA,NA,NA
245.47,NA,NA,NA,NA,NA,NA,NA,NA
245.85,NA,NA,NA,NA,NA,NA,NA,NA
246.23,NA,NA,NA,NA,NA,NA,NA,NA
246.61,NA,NA,NA,NA,NA,NA,NA,NA
247,NA,NA,NA,NA,NA,NA,NA,NA
247.38,NA,NA,NA,NA,NA,NA,NA,NA
247.76,NA,NA,NA,NA,NA,NA,NA,NA
248.14,NA,NA,NA,NA,NA,NA,NA,NA
248.52,NA,NA,NA,NA,NA,NA,NA,NA
248.9,NA,NA,NA,NA,NA,NA,NA,NA
249.29,NA,NA,NA,NA,NA,NA,NA,NA
249.67,NA,NA,NA,NA,NA,NA,NA,NA
250.05,NA,NA,NA,NA,NA,NA,NA,NA
250.43,NA,NA,NA,NA,NA,NA,NA,NA
250.81,NA,NA,NA,NA,NA,NA,NA,NA
251.19,NA,NA,NA,NA,NA,NA,NA,NA
251.57,NA,NA,NA,NA,NA,NA,NA,NA
251.96,NA,NA,NA,NA,NA,NA,NA,NA
252.34,NA,NA,NA,NA,NA,NA,NA,NA
252.72,NA,NA,NA,NA,NA,NA,NA,NA
253.1,NA,NA,NA,NA,NA,NA,NA,NA
253.48,NA,NA,NA,NA,NA,NA,NA,NA
253.86,NA,NA,NA,NA,NA,NA,NA,NA
254.24,NA,NA,NA,NA,NA,NA,NA,NA
254.62,NA,NA,NA,NA,NA,NA,NA,NA
255.01,NA,NA,NA,NA,NA,NA,NA,NA
255.39,NA,NA,NA,NA,NA,NA,NA,NA
255.77,NA,NA,NA,NA,NA,NA,NA,NA
256.15,NA,NA,NA,NA,NA,NA,NA,NA
256.53,NA,NA,NA,NA,NA,NA,NA,NA
256.91,NA,NA,NA,NA,NA,NA,NA,NA
257.29,NA,NA,NA,NA,NA,NA,NA,NA
257.67,NA,NA,NA,NA,NA,NA,NA,NA
258.05,NA,NA,NA,NA,NA,NA,NA,NA
258.43,NA,NA,NA,NA,NA,NA,NA,NA
258.81,NA,NA,NA,NA,NA,NA,NA,NA
259.19,NA,NA,NA,NA,NA,NA,NA,NA
259.57,NA,NA,NA,NA,NA,NA,NA,NA
259.95,NA,NA,NA,NA,NA,NA,NA,NA
260.34,NA,NA,NA,NA,NA,NA,NA,NA
260.72,NA,NA,NA,NA,NA,NA,NA,NA
261.1,NA,NA,NA,NA,NA,NA,NA,NA
261.48,NA,NA,NA,NA,NA,NA,NA,NA
261.86,NA,NA,NA,NA,NA,NA,NA,NA
262.24,NA,NA,NA,NA,NA,NA,NA,NA
262.62,NA,NA,NA,NA,NA,NA,NA,NA
263,NA,NA,NA,NA,NA,NA,NA,NA
263.38,NA,NA,NA,NA,NA,NA,NA,NA
263.76,NA,NA,NA,NA,NA,NA,NA,NA
264.14,NA,NA,NA,NA,NA,NA,NA,NA
264.52,NA,NA,NA,NA,NA,NA,NA,NA
264.9,NA,NA,NA,NA,NA,NA,NA,NA
265.28,NA,NA,NA,NA,NA,NA,NA,NA
265.66,NA,NA,NA,NA,NA,NA,NA,NA
266.04,NA,NA,NA,NA,NA,NA,NA,NA
266.42,NA,NA,NA,NA,NA,NA,NA,NA
266.8,NA,NA,NA,NA,NA,NA,NA,NA
267.18,NA,NA,NA,NA,NA,NA,NA,NA
267.56,NA,NA,NA,NA,NA,NA,NA,NA
267.94,NA,NA,NA,NA,NA,NA,NA,NA
268.32,NA,NA,NA,NA,NA,NA,NA,NA
268.7,NA,NA,NA,NA,NA,NA,NA,NA
269.08,NA,NA,NA,NA,NA,NA,NA,NA
269.45,NA,NA,NA,NA,NA,NA,NA,NA
269.83,NA,NA,NA,NA,NA,NA,NA,NA
270.21,NA,NA,NA,NA,NA,NA,NA,NA
270.59,NA,NA,NA,NA,NA,NA,NA,NA
270.97,NA,NA,NA,NA,NA,NA,NA,NA
271.35,NA,NA,NA,NA,NA,NA,NA,NA
271.73,NA,NA,NA,NA,NA,NA,NA,NA
272.11,NA,NA,NA,NA,NA,NA,NA,NA
272.49,NA,NA,NA,NA,NA,NA,NA,NA
272.87,NA,NA,NA,NA,NA,NA,NA,NA
273.25,NA,NA,NA,NA,NA,NA,NA,NA
273.63,NA,NA,NA,NA,NA,NA,NA,NA
274.01,NA,NA,NA,NA,NA,NA,NA,NA
274.39,NA,NA,NA,NA,NA,NA,NA,NA
274.76,NA,NA,NA,NA,NA,NA,NA,NA
275.14,NA,NA,NA,NA,NA,NA,NA,NA
275.52,NA,NA,NA,NA,NA,NA,NA,NA
275.9,NA,NA,NA,NA,NA,NA,NA,NA
276.28,NA,NA,NA,NA,NA,NA,NA,NA
276.66,NA,NA,NA,NA,NA,NA,NA,NA
277.04,NA,NA,NA,NA,NA,NA,NA,NA
277.42,NA,NA,NA,NA,NA,NA,NA,NA
277.79,NA,NA,NA,NA,NA,NA,NA,NA
278.17,NA,NA,NA,NA,NA,NA,NA,NA
278.55,NA,NA,NA,NA,NA,NA,NA,NA
278.93,NA,NA,NA,NA,NA,NA,NA,NA
279.31,NA,NA,NA,NA,NA,NA,NA,NA
279.69,NA,NA,NA,NA,NA,NA,NA,NA
280.07,NA,NA,NA,NA,NA,NA,NA,NA
280.44,NA,NA,NA,NA,NA,NA,NA,NA
280.82,NA,NA,NA,NA,NA,NA,NA,NA
281.2,NA,NA,NA,NA,NA,NA,NA,NA
281.58,NA,NA,NA,NA,NA,NA,NA,NA
281.96,NA,NA,NA,NA,NA,NA,NA,NA
282.34,NA,NA,NA,NA,NA,NA,NA,NA
282.71,NA,NA,NA,NA,NA,NA,NA,NA
283.09,NA,NA,NA,NA,NA,NA,NA,NA
283.47,NA,NA,NA,NA,NA,NA,NA,NA
283.85,NA,NA,NA,NA,NA,NA,NA,NA
284.23,NA,NA,NA,NA,NA,NA,NA,NA
284.6,NA,NA,NA,NA,NA,NA,NA,NA
284.98,NA,NA,NA,NA,NA,NA,NA,NA
285.36,NA,NA,NA,NA,NA,NA,NA,NA
285.74,NA,NA,NA,NA,NA,NA,NA,NA
286.12,NA,NA,NA,NA,NA,NA,NA,NA
286.49,NA,NA,NA,NA,NA,NA,NA,NA
286.87,NA,NA,NA,NA,NA,NA,NA,NA
287.25,NA,NA,NA,NA,NA,NA,NA,NA
287.63,NA,NA,NA,NA,NA,NA,NA,NA
288,NA,NA,NA,NA,NA,NA,NA,NA
288.38,NA,NA,NA,NA,NA,NA,NA,NA
288.76,NA,NA,NA,NA,NA,NA,NA,NA
289.14,NA,NA,NA,NA,NA,NA,NA,NA
289.52,NA,NA,NA,NA,NA,NA,NA,NA
289.89,NA,NA,NA,NA,NA,NA,NA,NA
290.27,NA,NA,NA,NA,NA,NA,NA,NA
290.65,NA,NA,NA,NA,NA,NA,NA,NA
291.02,NA,NA,NA,NA,NA,NA,NA,NA
291.4,NA,NA,NA,NA,NA,NA,NA,NA
291.78,NA,NA,NA,NA,NA,NA,NA,NA
292.16,NA,NA,NA,NA,NA,NA,NA,NA
292.53,NA,NA,NA,NA,NA,NA,NA,NA
292.91,NA,NA,NA,NA,NA,NA,NA,NA
293.29,NA,NA,NA,NA,NA,NA,NA,NA
293.66,NA,NA,NA,NA,NA,NA,NA,NA
294.04,NA,NA,NA,NA,NA,NA,NA,NA
294.42,NA,NA,NA,NA,NA,NA,NA,NA
294.8,NA,NA,NA,NA,NA,NA,NA,NA
295.17,NA,NA,NA,NA,NA,NA,NA,NA
295.55,NA,NA,NA,NA,NA,NA,NA,NA
295.93,NA,NA,NA,NA,NA,NA,NA,NA
296.3,NA,NA,NA,NA,NA,NA,NA,NA
296.68,NA,NA,NA,NA,NA,NA,NA,NA
297.06,NA,NA,NA,NA,NA,NA,NA,NA
297.43,NA,NA,NA,NA,NA,NA,NA,NA
297.81,NA,NA,NA,NA,NA,NA,NA,NA
298.19,NA,NA,NA,NA,NA,NA,NA,NA
298.56,NA,NA,NA,NA,NA,NA,NA,NA
298.94,NA,NA,NA,NA,NA,NA,NA,NA
299.32,NA,NA,NA,NA,NA,NA,NA,NA
299.69,NA,NA,NA,NA,NA,NA,NA,NA
300.07,NA,NA,NA,NA,NA,NA,NA,NA
300.45,NA,NA,NA,NA,NA,NA,NA,NA
300.82,NA,NA,NA,NA,NA,NA,NA,NA
301.2,NA,NA,NA,NA,NA,NA,NA,NA
301.57,NA,NA,NA,NA,NA,NA,NA,NA
301.95,NA,NA,NA,NA,NA,NA,NA,NA
302.33,NA,NA,NA,NA,NA,NA,NA,NA
302.7,NA,NA,NA,NA,NA,NA,NA,NA
303.08,NA,NA,NA,NA,NA,NA,NA,NA
303.45,NA,NA,NA,NA,NA,NA,NA,NA
303.83,NA,NA,NA,NA,NA,NA,NA,NA
304.21,NA,NA,NA,NA,NA,NA,NA,NA
304.58,NA,NA,NA,NA,NA,NA,NA,NA
304.96,NA,NA,NA,NA,NA,NA,NA,NA
305.33,NA,NA,NA,NA,NA,NA,NA,NA
305.71,NA,NA,NA,NA,NA,NA,NA,NA
306.09,NA,NA,NA,NA,NA,NA,NA,NA
306.46,NA,NA,NA,NA,NA,NA,NA,NA
306.84,NA,NA,NA,NA,NA,NA,NA,NA
307.21,NA,NA,NA,NA,NA,NA,NA,NA
307.59,NA,NA,NA,NA,NA,NA,NA,NA
307.96,NA,NA,NA,NA,NA,NA,NA,NA
308.34,NA,NA,NA,NA,NA,NA,NA,NA
308.72,NA,NA,NA,NA,NA,NA,NA,NA
309.09,NA,NA,NA,NA,NA,NA,NA,NA
309.47,NA,NA,NA,NA,NA,NA,NA,NA
309.84,NA,NA,NA,NA,NA,NA,NA,NA
310.22,NA,NA,NA,NA,NA,NA,NA,NA
310.59,NA,NA,NA,NA,NA,NA,NA,NA
310.97,NA,NA,NA,NA,NA,NA,NA,NA
311.34,NA,NA,NA,NA,NA,NA,NA,NA
311.72,NA,NA,NA,NA,NA,NA,NA,NA
312.09,NA,NA,NA,NA,NA,NA,NA,NA
312.47,NA,NA,NA,NA,NA,NA,NA,NA
312.84,NA,NA,NA,NA,NA,NA,NA,NA
313.22,NA,NA,NA,NA,NA,NA,NA,NA
313.59,NA,NA,NA,NA,NA,NA,NA,NA
313.97,NA,NA,NA,NA,NA,NA,NA,NA
314.34,NA,NA,NA,NA,NA,NA,NA,NA
314.72,NA,NA,NA,NA,NA,NA,NA,NA
315.09,NA,NA,NA,NA,NA,NA,NA,NA
315.47,NA,NA,NA,NA,NA,NA,NA,NA
315.84,NA,NA,NA,NA,NA,NA,NA,NA
316.22,NA,NA,NA,NA,NA,NA,NA,NA
316.59,NA,NA,NA,NA,NA,NA,NA,NA
316.97,NA,NA,NA,NA,NA,NA,NA,NA
317.34,NA,NA,NA,NA,NA,NA,NA,NA
317.71,NA,NA,NA,NA,NA,NA,NA,NA
318.09,NA,NA,NA,NA,NA,NA,NA,NA
318.46,NA,NA,NA,NA,NA,NA,NA,NA
318.84,NA,NA,NA,NA,NA,NA,NA,NA
319.21,NA,NA,NA,NA,NA,NA,NA,NA
319.59,NA,NA,NA,NA,NA,NA,NA,NA
319.96,NA,NA,NA,NA,NA,NA,NA,NA
320.34,NA,NA,NA,NA,NA,NA,NA,NA
320.71,NA,NA,NA,NA,NA,NA,NA,NA
321.08,NA,NA,NA,NA,NA,NA,NA,NA
321.46,NA,NA,NA,NA,NA,NA,NA,NA
321.83,NA,NA,NA,NA,NA,NA,NA,NA
322.21,NA,NA,NA,NA,NA,NA,NA,NA
322.58,NA,NA,NA,NA,NA,NA,NA,NA
322.95,NA,NA,NA,NA,NA,NA,NA,NA
323.33,NA,NA,NA,NA,NA,NA,NA,NA
323.7,NA,NA,NA,NA,NA,NA,NA,NA
324.08,NA,NA,NA,NA,NA,NA,NA,NA
324.45,NA,NA,NA,NA,NA,NA,NA,NA
324.82,NA,NA,NA,NA,NA,NA,NA,NA
325.2,NA,NA,NA,NA,NA,NA,NA,NA
325.57,NA,NA,NA,NA,NA,NA,NA,NA
325.94,NA,NA,NA,NA,NA,NA,NA,NA
326.32,NA,NA,NA,NA,NA,NA,NA,NA
326.69,NA,NA,NA,NA,NA,NA,NA,NA
327.07,NA,NA,NA,NA,NA,NA,NA,NA
327.44,NA,NA,NA,NA,NA,NA,NA,NA
327.81,NA,NA,NA,NA,NA,NA,NA,NA
328.19,NA,NA,NA,NA,NA,NA,NA,NA
328.56,NA,NA,NA,NA,NA,NA,NA,NA
328.93,NA,NA,NA,NA,NA,NA,NA,NA
329.31,NA,NA,NA,NA,NA,NA,NA,NA
329.68,NA,NA,NA,NA,NA,NA,NA,NA
330.05,NA,NA,NA,NA,NA,NA,NA,NA
330.43,NA,NA,NA,NA,NA,NA,NA,NA
330.8,NA,NA,NA,NA,NA,NA,NA,NA
331.17,NA,NA,NA,NA,NA,NA,NA,NA
331.54,NA,NA,NA,NA,NA,NA,NA,NA
331.92,NA,NA,NA,NA,NA,NA,NA,NA
332.29,NA,NA,NA,NA,NA,NA,NA,NA
332.66,NA,NA,NA,NA,NA,NA,NA,NA
333.04,NA,NA,NA,NA,NA,NA,NA,NA
333.41,NA,NA,NA,NA,NA,NA,NA,NA
333.78,NA,NA,NA,NA,NA,NA,NA,NA
334.15,NA,NA,NA,NA,NA,NA,NA,NA
334.53,NA,NA,NA,NA,NA,NA,NA,NA
334.9,NA,NA,NA,NA,NA,NA,NA,NA
335.27,NA,NA,NA,NA,NA,NA,NA,NA
335.65,NA,NA,NA,NA,NA,NA,NA,NA
336.02,NA,NA,NA,NA,NA,NA,NA,NA
336.39,NA,NA,NA,NA,NA,NA,NA,NA
336.76,NA,NA,NA,NA,NA,NA,NA,NA
337.14,NA,NA,NA,NA,NA,NA,NA,NA
337.51,NA,NA,NA,NA,NA,NA,NA,NA
337.88,NA,NA,NA,NA,NA,NA,NA,NA
338.25,NA,NA,NA,NA,NA,NA,NA,NA
338.62,NA,NA,NA,NA,NA,NA,NA,NA
339,NA,NA,NA,NA,NA,NA,NA,NA
339.37,NA,NA,NA,NA,NA,NA,NA,NA
339.74,NA,NA,NA,NA,NA,NA,NA,NA
340.11,NA,NA,NA,NA,NA,NA,NA,NA
340.49,NA,NA,NA,NA,NA,NA,NA,NA
340.86,NA,NA,NA,NA,NA,NA,NA,NA
341.23,NA,NA,NA,NA,NA,NA,NA,NA
341.6,NA,NA,NA,NA,NA,NA,NA,NA
341.97,NA,NA,NA,NA,NA,NA,NA,NA
342.35,NA,NA,NA,NA,NA,NA,NA,NA
342.72,NA,NA,NA,NA,NA,NA,NA,NA
343.09,NA,NA,NA,NA,NA,NA,NA,NA
343.46,NA,NA,NA,NA,NA,NA,NA,NA
343.83,NA,NA,NA,NA,NA,NA,NA,NA
344.2,NA,NA,NA,NA,NA,NA,NA,NA
344.58,NA,NA,NA,NA,NA,NA,NA,NA
344.95,NA,NA,NA,NA,NA,NA,NA,NA
345.32,NA,NA,NA,NA,NA,NA,NA,NA
345.69,NA,NA,NA,NA,NA,NA,NA,NA
346.06,NA,NA,NA,NA,NA,NA,NA,NA
346.43,NA,NA,NA,NA,NA,NA,NA,NA
346.8,NA,NA,NA,NA,NA,NA,NA,NA
347.18,NA,NA,NA,NA,NA,NA,NA,NA
347.55,NA,NA,NA,NA,NA,NA,NA,NA
347.92,NA,NA,NA,NA,NA,NA,NA,NA
348.29,NA,NA,NA,NA,NA,NA,NA,NA
348.66,NA,NA,NA,NA,NA,NA,NA,NA
349.03,NA,NA,NA,NA,NA,NA,NA,NA
349.4,NA,NA,NA,NA,NA,NA,NA,NA
349.77,NA,NA,NA,NA,NA,NA,NA,NA
350.15,NA,NA,NA,NA,NA,NA,NA,NA
350.52,NA,NA,NA,NA,NA,NA,NA,NA
350.89,NA,NA,NA,NA,NA,NA,NA,NA
351.26,NA,NA,NA,NA,NA,NA,NA,NA
351.63,NA,NA,NA,NA,NA,NA,NA,NA
352,NA,NA,NA,NA,NA,NA,NA,NA
352.37,NA,NA,NA,NA,NA,NA,NA,NA
352.74,NA,NA,NA,NA,NA,NA,NA,NA
353.11,NA,NA,NA,NA,NA,NA,NA,NA
353.48,NA,NA,NA,NA,NA,NA,NA,NA
353.85,NA,NA,NA,NA,NA,NA,NA,NA
354.22,NA,NA,NA,NA,NA,NA,NA,NA
354.59,NA,NA,NA,NA,NA,NA,NA,NA
354.97,NA,NA,NA,NA,NA,NA,NA,NA
355.34,NA,NA,NA,NA,NA,NA,NA,NA
355.71,NA,NA,NA,NA,NA,NA,NA,NA
356.08,NA,NA,NA,NA,NA,NA,NA,NA
356.45,NA,NA,NA,NA,NA,NA,NA,NA
356.82,NA,NA,NA,NA,NA,NA,NA,NA
357.19,NA,NA,NA,NA,NA,NA,NA,NA
357.56,NA,NA,NA,NA,NA,NA,NA,NA
357.93,NA,NA,NA,NA,NA,NA,NA,NA
358.3,NA,NA,NA,NA,NA,NA,NA,NA
358.67,NA,NA,NA,NA,NA,NA,NA,NA
359.04,NA,NA,NA,NA,NA,NA,NA,NA
359.41,NA,NA,NA,NA,NA,NA,NA,NA
359.78,NA,NA,NA,NA,NA,NA,NA,NA
360.15,NA,NA,NA,NA,NA,NA,NA,NA
360.52,NA,NA,NA,NA,NA,NA,NA,NA
360.89,NA,NA,NA,NA,NA,NA,NA,NA
361.26,NA,NA,NA,NA,NA,NA,NA,NA
361.63,NA,NA,NA,NA,NA,NA,NA,NA
362,NA,NA,NA,NA,NA,NA,NA,NA
362.37,NA,NA,NA,NA,NA,NA,NA,NA
362.74,NA,NA,NA,NA,NA,NA,NA,NA
363.11,NA,NA,NA,NA,NA,NA,NA,NA
363.48,NA,NA,NA,NA,NA,NA,NA,NA
363.85,NA,NA,NA,NA,NA,NA,NA,NA
364.21,NA,NA,NA,NA,NA,NA,NA,NA
364.58,NA,NA,NA,NA,NA,NA,NA,NA
364.95,NA,NA,NA,NA,NA,NA,NA,NA
365.32,NA,NA,NA,NA,NA,NA,NA,NA
365.69,NA,NA,NA,NA,NA,NA,NA,NA
366.06,NA,NA,NA,NA,NA,NA,NA,NA
366.43,NA,NA,NA,NA,NA,NA,NA,NA
366.8,NA,NA,NA,NA,NA,NA,NA,NA
367.17,NA,NA,NA,NA,NA,NA,NA,NA
367.54,NA,NA,NA,NA,NA,NA,NA,NA
367.91,NA,NA,NA,NA,NA,NA,NA,NA
368.28,NA,NA,NA,NA,NA,NA,NA,NA
368.65,NA,NA,NA,NA,NA,NA,NA,NA
369.01,NA,NA,NA,NA,NA,NA,NA,NA
369.38,NA,NA,NA,NA,NA,NA,NA,NA
369.75,NA,NA,NA,NA,NA,NA,NA,NA
370.12,NA,NA,NA,NA,NA,NA,NA,NA
370.49,NA,NA,NA,NA,NA,NA,NA,NA
370.86,NA,NA,NA,NA,NA,NA,NA,NA
371.23,NA,NA,NA,NA,NA,NA,NA,NA
371.6,NA,NA,NA,NA,NA,NA,NA,NA
371.96,NA,NA,NA,NA,NA,NA,NA,NA
372.33,NA,NA,NA,NA,NA,NA,NA,NA
372.7,NA,NA,NA,NA,NA,NA,NA,NA
373.07,NA,NA,NA,NA,NA,NA,NA,NA
373.44,NA,NA,NA,NA,NA,NA,NA,NA
373.81,NA,NA,NA,NA,NA,NA,NA,NA
374.18,NA,NA,NA,NA,NA,NA,NA,NA
374.54,NA,NA,NA,NA,NA,NA,NA,NA
374.91,NA,NA,NA,NA,NA,NA,NA,NA
375.28,NA,NA,NA,NA,NA,NA,NA,NA
375.65,NA,NA,NA,NA,NA,NA,NA,NA
376.02,NA,NA,NA,NA,NA,NA,NA,NA
376.38,NA,NA,NA,NA,NA,NA,NA,NA
376.75,NA,NA,NA,NA,NA,NA,NA,NA
377.12,NA,NA,NA,NA,NA,NA,NA,NA
377.49,NA,NA,NA,NA,NA,NA,NA,NA
377.86,NA,NA,NA,NA,NA,NA,NA,NA
378.22,NA,NA,NA,NA,NA,NA,NA,NA
378.59,NA,NA,NA,NA,NA,NA,NA,NA
378.96,NA,NA,NA,NA,NA,NA,NA,NA
379.33,NA,NA,NA,NA,NA,NA,NA,NA
379.7,NA,NA,NA,NA,NA,NA,NA,NA
380.06,NA,NA,NA,NA,NA,NA,NA,NA
380.43,NA,NA,NA,NA,NA,NA,NA,NA
380.8,NA,NA,NA,NA,NA,NA,NA,NA
381.17,NA,NA,NA,NA,NA,NA,NA,NA
381.53,NA,NA,NA,NA,NA,NA,NA,NA
381.9,NA,NA,NA,NA,NA,NA,NA,NA
382.27,NA,NA,NA,NA,NA,NA,NA,NA
382.64,NA,NA,NA,NA,NA,NA,NA,NA
383,NA,NA,NA,NA,NA,NA,NA,NA
383.37,NA,NA,NA,NA,NA,NA,NA,NA
383.74,NA,NA,NA,NA,NA,NA,NA,NA
384.11,NA,NA,NA,NA,NA,NA,NA,NA
384.47,NA,NA,NA,NA,NA,NA,NA,NA
384.84,NA,NA,NA,NA,NA,NA,NA,NA
385.21,NA,NA,NA,NA,NA,NA,NA,NA
385.57,NA,NA,NA,NA,NA,NA,NA,NA
385.94,NA,NA,NA,NA,NA,NA,NA,NA
386.31,NA,NA,NA,NA,NA,NA,NA,NA
386.68,NA,NA,NA,NA,NA,NA,NA,NA
387.04,NA,NA,NA,NA,NA,NA,NA,NA
387.41,NA,NA,NA,NA,NA,NA,NA,NA
387.78,NA,NA,NA,NA,NA,NA,NA,NA
388.14,NA,NA,NA,NA,NA,NA,NA,NA
388.51,NA,NA,NA,NA,NA,NA,NA,NA
388.88,NA,NA,NA,NA,NA,NA,NA,NA
389.24,NA,NA,NA,NA,NA,NA,NA,NA
389.61,NA,NA,NA,NA,NA,NA,NA,NA
389.98,NA,NA,NA,NA,NA,NA,NA,NA
390.34,NA,NA,NA,NA,NA,NA,NA,NA
390.71,NA,NA,NA,NA,NA,NA,NA,NA
391.08,NA,NA,NA,NA,NA,NA,NA,NA
391.44,NA,NA,NA,NA,NA,NA,NA,NA
391.81,NA,NA,NA,NA,NA,NA,NA,NA
392.17,NA,NA,NA,NA,NA,NA,NA,NA
392.54,NA,NA,NA,NA,NA,NA,NA,NA
392.91,NA,NA,NA,NA,NA,NA,NA,NA
393.27,NA,NA,NA,NA,NA,NA,NA,NA
393.64,NA,NA,NA,NA,NA,NA,NA,NA
394.01,NA,NA,NA,NA,NA,NA,NA,NA
394.37,NA,NA,NA,NA,NA,NA,NA,NA
394.74,NA,NA,NA,NA,NA,NA,NA,NA
395.1,NA,NA,NA,NA,NA,NA,NA,NA
395.47,NA,NA,NA,NA,NA,NA,NA,NA
395.84,NA,NA,NA,NA,NA,NA,NA,NA
396.2,NA,NA,NA,NA,NA,NA,NA,NA
396.57,NA,NA,NA,NA,NA,NA,NA,NA
396.93,NA,NA,NA,NA,NA,NA,NA,NA
397.3,NA,NA,NA,NA,NA,NA,NA,NA
397.66,NA,NA,NA,NA,NA,NA,NA,NA
398.03,NA,NA,NA,NA,NA,NA,NA,NA
398.4,NA,NA,NA,NA,NA,NA,NA,NA
398.76,NA,NA,NA,NA,NA,NA,NA,NA
399.13,NA,NA,NA,NA,NA,NA,NA,NA
399.49,NA,NA,NA,NA,NA,NA,NA,NA
399.86,NA,NA,NA,NA,NA,NA,NA,NA
400.22,NA,NA,NA,NA,NA,NA,NA,0
400.59,NA,NA,NA,NA,NA,NA,NA,0
400.95,NA,NA,NA,NA,NA,NA,NA,0
401.32,NA,NA,NA,NA,NA,NA,NA,0
401.68,NA,NA,NA,NA,NA,NA,NA,0
402.05,NA,NA,NA,NA,NA,NA,NA,0
402.42,NA,NA,NA,NA,NA,NA,NA,0
402.78,NA,NA,NA,NA,NA,NA,NA,0
403.15,NA,NA,NA,NA,NA,NA,NA,0
403.51,NA,NA,NA,NA,NA,NA,NA,0
403.88,NA,NA,NA,NA,NA,NA,NA,0
404.24,NA,NA,NA,NA,NA,NA,NA,0
404.61,NA,NA,NA,NA,NA,NA,NA,0
404.97,NA,NA,NA,NA,NA,NA,NA,0
405.34,NA,NA,NA,NA,NA,NA,NA,0
405.7,NA,NA,NA,NA,NA,NA,NA,0
406.06,NA,NA,NA,NA,NA,NA,NA,0
406.43,NA,NA,NA,NA,NA,NA,NA,0
406.79,NA,NA,NA,NA,NA,NA,NA,0
407.16,NA,NA,NA,NA,NA,NA,NA,0
407.52,NA,NA,NA,NA,NA,NA,NA,0
407.89,NA,NA,NA,NA,NA,NA,NA,0
408.25,NA,NA,NA,NA,NA,NA,NA,0
408.62,NA,NA,NA,NA,NA,NA,NA,0
408.98,NA,NA,NA,NA,NA,NA,NA,0
409.35,NA,NA,NA,NA,NA,NA,NA,0
409.71,NA,NA,NA,NA,NA,NA,NA,0
410.07,NA,NA,NA,NA,NA,NA,NA,0
410.44,NA,NA,NA,NA,NA,NA,NA,0
410.8,NA,NA,NA,NA,NA,NA,NA,0
411.17,NA,NA,NA,NA,NA,NA,NA,0
411.53,NA,NA,NA,NA,NA,NA,NA,0
411.89,NA,NA,NA,NA,NA,NA,NA,0
412.26,NA,NA,NA,NA,NA,NA,NA,0
412.62,NA,NA,NA,NA,NA,NA,NA,0
412.99,NA,NA,NA,NA,NA,NA,NA,0
413.35,NA,NA,NA,NA,NA,NA,NA,0
413.71,NA,NA,NA,NA,NA,NA,NA,0
414.08,NA,NA,NA,NA,NA,NA,NA,0
414.44,NA,NA,NA,NA,NA,NA,NA,0
414.81,NA,NA,NA,NA,NA,NA,NA,0
415.17,-0.0223945322674035,NA,NA,NA,NA,NA,NA,-0.0223945322674035
415.53,-0.0297471052348815,NA,NA,NA,NA,NA,NA,-0.0297471052348815
415.9,-0.0283855105202879,NA,NA,NA,NA,NA,NA,-0.0283855105202879
416.26,-0.023478554650344,NA,NA,NA,NA,NA,NA,-0.023478554650344
416.62,-0.0341722272185478,NA,NA,NA,NA,NA,NA,-0.0341722272185478
416.99,-0.0163181835049632,NA,NA,NA,NA,NA,NA,-0.0163181835049632
417.35,-0.00619158083845442,NA,NA,NA,NA,NA,NA,-0.00619158083845442
417.71,0.0170562135657639,NA,NA,NA,NA,NA,NA,0.0170562135657639
418.08,0.0177224857216195,NA,NA,NA,NA,NA,NA,0.0177224857216195
418.44,0.00974866466903675,NA,NA,NA,NA,NA,NA,0.00974866466903675
418.8,0.026507057568712,NA,NA,NA,NA,NA,NA,0.026507057568712
419.17,0.0309335533695291,NA,NA,NA,NA,NA,NA,0.0309335533695291
419.53,0.0552565743120608,NA,NA,NA,NA,NA,NA,0.0552565743120608
419.89,0.0645647633751159,NA,NA,NA,NA,NA,NA,0.0645647633751159
420.26,0.0867368362148202,NA,NA,NA,NA,NA,NA,0.0867368362148202
420.62,0.0958497994711642,NA,NA,NA,NA,NA,NA,0.0958497994711642
420.98,0.0975046731027655,NA,NA,NA,NA,NA,NA,0.0975046731027655
421.35,0.102567725229179,NA,NA,NA,NA,NA,NA,0.102567725229179
421.71,0.114612722354257,NA,NA,NA,NA,NA,NA,0.114612722354257
422.07,0.121409842647067,NA,NA,NA,NA,NA,NA,0.121409842647067
422.43,0.123155725451129,NA,NA,NA,NA,NA,NA,0.123155725451129
422.8,0.139851204291646,NA,NA,NA,NA,NA,NA,0.139851204291646
423.16,0.147463668169662,NA,NA,NA,NA,NA,NA,0.147463668169662
423.52,0.164215369316237,NA,NA,NA,NA,NA,NA,0.164215369316237
423.89,0.191384015206206,NA,NA,NA,NA,NA,NA,0.191384015206206
424.25,0.210878545450407,NA,NA,NA,NA,NA,NA,0.210878545450407
424.61,0.227242555449151,NA,NA,NA,NA,NA,NA,0.227242555449151
424.97,0.245695708690042,NA,NA,NA,NA,NA,NA,0.245695708690042
425.34,0.258122659889156,NA,NA,NA,NA,NA,NA,0.258122659889156
425.7,0.250272925260593,NA,NA,NA,NA,NA,NA,0.250272925260593
426.06,0.258677442488719,NA,NA,NA,NA,NA,NA,0.258677442488719
426.42,0.269120785529341,NA,NA,NA,NA,NA,NA,0.269120785529341
426.79,0.272015046434803,NA,NA,NA,NA,NA,NA,0.272015046434803
427.15,0.293260692925974,NA,NA,NA,NA,NA,NA,0.293260692925974
427.51,0.309457313072968,NA,NA,NA,NA,NA,NA,0.309457313072968
427.87,0.323050534708852,NA,NA,NA,NA,NA,NA,0.323050534708852
428.23,0.316329476955141,NA,NA,NA,NA,NA,NA,0.316329476955141
428.6,0.337661653897271,NA,NA,NA,NA,NA,NA,0.337661653897271
428.96,0.341404128918636,NA,NA,NA,NA,NA,NA,0.341404128918636
429.32,0.359942699420947,NA,NA,NA,NA,NA,NA,0.359942699420947
429.68,0.357995128295114,NA,NA,NA,NA,NA,NA,0.357995128295114
430.04,0.362197159863746,NA,NA,NA,NA,NA,NA,0.362197159863746
430.41,0.37226185045767,NA,NA,NA,NA,NA,NA,0.37226185045767
430.77,0.372292648069606,NA,NA,NA,NA,NA,NA,0.372292648069606
431.13,0.397776823788375,NA,NA,NA,NA,NA,NA,0.397776823788375
431.49,0.401881779215683,NA,NA,NA,NA,NA,NA,0.401881779215683
431.85,0.41925799343382,NA,NA,NA,NA,NA,NA,0.41925799343382
432.21,0.421717816011608,NA,NA,NA,NA,NA,NA,0.421717816011608
432.58,0.430062265548257,NA,NA,NA,NA,NA,NA,0.430062265548257
432.94,0.458692522143248,NA,NA,NA,NA,NA,NA,0.458692522143248
433.3,0.476642749791474,NA,NA,NA,NA,NA,NA,0.476642749791474
433.66,0.497912893947081,NA,NA,NA,NA,NA,NA,0.497912893947081
434.02,0.531047800189869,NA,NA,NA,NA,NA,NA,0.531047800189869
434.38,0.571833138623575,NA,NA,NA,NA,NA,NA,0.571833138623575
434.75,0.598182705061836,NA,NA,NA,NA,NA,NA,0.598182705061836
435.11,0.637625204830237,NA,NA,NA,NA,NA,NA,0.637625204830237
435.47,0.654150532871619,NA,NA,NA,NA,NA,NA,0.654150532871619
435.83,0.679548703116467,NA,NA,NA,NA,NA,NA,0.679548703116467
436.19,0.714211352092595,NA,NA,NA,NA,NA,NA,0.714211352092595
436.55,0.759914043323785,NA,NA,NA,NA,NA,NA,0.759914043323785
436.91,0.785654598702976,NA,NA,NA,NA,NA,NA,0.785654598702976
437.27,0.824525642140731,NA,NA,NA,NA,NA,NA,0.824525642140731
437.64,0.883744606391512,NA,NA,NA,NA,NA,NA,0.883744606391512
438,0.941321523616541,NA,NA,NA,NA,NA,NA,0.941321523616541
438.36,1.00231632507687,NA,NA,NA,NA,NA,NA,1.00231632507687
438.72,1.04599136499404,NA,NA,NA,NA,NA,NA,1.04599136499404
439.08,1.09437899279754,NA,NA,NA,NA,NA,NA,1.09437899279754
439.44,1.13815928329453,NA,NA,NA,NA,NA,NA,1.13815928329453
439.8,1.20731927816538,NA,NA,NA,NA,NA,NA,1.20731927816538
440.16,1.27039587945712,NA,NA,NA,NA,NA,NA,1.27039587945712
440.52,1.32744266801781,NA,NA,NA,NA,NA,NA,1.32744266801781
440.88,1.39408059433049,NA,NA,NA,NA,NA,NA,1.39408059433049
441.24,1.46348291017923,NA,NA,NA,NA,NA,NA,1.46348291017923
441.6,1.53776402214392,NA,NA,NA,NA,NA,NA,1.53776402214392
441.96,1.62220964153805,NA,NA,NA,NA,NA,NA,1.62220964153805
442.32,1.71176328928853,NA,NA,NA,NA,NA,NA,1.71176328928853
442.69,1.7845569146406,NA,NA,NA,NA,NA,NA,1.7845569146406
443.05,1.85716108096368,NA,NA,NA,NA,NA,NA,1.85716108096368
443.41,1.92934679713744,NA,NA,NA,NA,NA,NA,1.92934679713744
443.77,2.00775459776687,NA,NA,NA,NA,NA,NA,2.00775459776687
444.13,2.10593154786255,NA,NA,NA,NA,NA,NA,2.10593154786255
444.49,2.19000800418927,NA,NA,NA,NA,NA,NA,2.19000800418927
444.85,2.28128270760811,NA,NA,NA,NA,NA,NA,2.28128270760811
445.21,2.35655522362917,NA,NA,NA,NA,NA,NA,2.35655522362917
445.57,2.41824120745663,NA,NA,NA,NA,NA,NA,2.41824120745663
445.93,2.47737799727662,NA,NA,NA,NA,NA,NA,2.47737799727662
446.29,2.52729954258373,NA,NA,NA,NA,NA,NA,2.52729954258373
446.65,2.58321621546757,NA,NA,NA,NA,NA,NA,2.58321621546757
447.01,2.64276930275444,NA,NA,NA,NA,NA,NA,2.64276930275444
447.37,2.7129325216949,NA,NA,NA,NA,NA,NA,2.7129325216949
447.73,2.76611792012845,NA,NA,NA,NA,NA,NA,2.76611792012845
448.09,2.82109444202508,NA,NA,NA,NA,NA,NA,2.82109444202508
448.45,2.85562997745645,NA,NA,NA,NA,NA,NA,2.85562997745645
448.81,2.90605445817055,NA,NA,NA,NA,NA,NA,2.90605445817055
449.17,2.94011520188022,NA,NA,NA,NA,NA,NA,2.94011520188022
449.53,2.97275285387048,NA,NA,NA,NA,NA,NA,2.97275285387048
449.88,2.97915153479316,NA,NA,NA,NA,NA,NA,2.97915153479316
450.24,2.98554254046948,NA,NA,NA,NA,NA,NA,2.98554254046948
450.6,3.01862471792586,NA,NA,NA,NA,NA,NA,3.01862471792586
450.96,3.00964985360859,NA,NA,NA,NA,NA,NA,3.00964985360859
451.32,3.02351855404506,NA,NA,NA,NA,NA,NA,3.02351855404506
451.68,3.00354398166193,NA,NA,NA,NA,NA,NA,3.00354398166193
452.04,3.00593787962818,NA,NA,NA,NA,NA,NA,3.00593787962818
452.4,2.99210559746619,NA,NA,NA,NA,NA,NA,2.99210559746619
452.76,2.96321017255182,NA,NA,NA,NA,NA,NA,2.96321017255182
453.12,2.92881735476896,NA,NA,NA,NA,NA,NA,2.92881735476896
453.48,2.89888754754129,NA,NA,NA,NA,NA,NA,2.89888754754129
453.84,2.87417049998292,NA,NA,NA,NA,NA,NA,2.87417049998292
454.2,2.82942201228751,NA,NA,NA,NA,NA,NA,2.82942201228751
454.56,2.79821576943199,NA,NA,NA,NA,NA,NA,2.79821576943199
454.91,2.75384681631243,NA,NA,NA,NA,NA,NA,2.75384681631243
455.27,2.70134184843257,NA,NA,NA,NA,NA,NA,2.70134184843257
455.63,2.62662564747292,NA,NA,NA,NA,NA,NA,2.62662564747292
455.99,2.57379801165584,NA,NA,NA,NA,NA,NA,2.57379801165584
456.35,2.52325539527162,NA,NA,NA,NA,NA,NA,2.52325539527162
456.71,2.44522668222027,NA,NA,NA,NA,NA,NA,2.44522668222027
457.07,2.39595446320194,NA,NA,NA,NA,NA,NA,2.39595446320194
457.43,2.3379187507088,NA,NA,NA,NA,NA,NA,2.3379187507088
457.78,2.28602883995682,NA,NA,NA,NA,NA,NA,2.28602883995682
458.14,2.22600199301347,NA,NA,NA,NA,NA,NA,2.22600199301347
458.5,2.17918327255803,NA,NA,NA,NA,NA,NA,2.17918327255803
458.86,2.11458173386784,NA,NA,NA,NA,NA,NA,2.11458173386784
459.22,2.05305148304201,NA,NA,NA,NA,NA,NA,2.05305148304201
459.58,1.98007423595237,NA,NA,NA,NA,NA,NA,1.98007423595237
459.94,1.90145048832953,NA,NA,NA,NA,NA,NA,1.90145048832953
460.29,1.84628576452942,NA,NA,NA,NA,NA,NA,1.84628576452942
460.65,1.79461867793437,NA,NA,NA,NA,NA,NA,1.79461867793437
461.01,1.7379841738979,NA,NA,NA,NA,NA,NA,1.7379841738979
461.37,1.68697052579279,NA,NA,NA,NA,NA,NA,1.68697052579279
461.73,1.61861399806155,NA,NA,NA,NA,NA,NA,1.61861399806155
462.08,1.54778593728052,NA,NA,NA,NA,NA,NA,1.54778593728052
462.44,1.48842297840403,NA,NA,NA,NA,NA,NA,1.48842297840403
462.8,1.44951857630686,NA,NA,NA,NA,NA,NA,1.44951857630686
463.16,1.40165693017031,NA,NA,NA,NA,NA,NA,1.40165693017031
463.52,1.36347909040403,NA,NA,NA,NA,NA,NA,1.36347909040403
463.87,1.33923153260264,NA,NA,NA,NA,NA,NA,1.33923153260264
464.23,1.30036356260923,NA,NA,NA,NA,NA,NA,1.30036356260923
464.59,1.27942353523863,NA,NA,NA,NA,NA,NA,1.27942353523863
464.95,1.25047431779911,NA,NA,NA,NA,NA,NA,1.25047431779911
465.31,1.22125040059318,NA,NA,NA,NA,NA,NA,1.22125040059318
465.66,1.17005905525554,NA,NA,NA,NA,NA,NA,1.17005905525554
466.02,1.13842819394895,0.0287337817324472,NA,NA,NA,NA,NA,1.16716197568139
466.38,1.10691350923985,0.0303520526907429,NA,NA,NA,NA,NA,1.13726556193059
466.74,1.0772435736755,0.0323489834746957,NA,NA,NA,NA,NA,1.10959255715019
467.09,1.05776641859647,0.0377464908841635,NA,NA,NA,NA,NA,1.09551290948064
467.45,1.02555019361802,0.0426899772289833,NA,NA,NA,NA,NA,1.06824017084701
467.81,0.991060514493667,0.0414641689110331,NA,NA,NA,NA,NA,1.0325246834047
468.17,0.95998350106163,0.047950636056595,NA,NA,NA,NA,NA,1.00793413711823
468.52,0.924532103083975,0.0488639665291795,NA,NA,NA,NA,NA,0.973396069613154
468.88,0.88068928643,0.0547262024406212,NA,NA,NA,NA,NA,0.935415488870621
469.24,0.854403689746349,0.0522208689287326,NA,NA,NA,NA,NA,0.906624558675082
469.59,0.819501557023762,0.0550789617516589,NA,NA,NA,NA,NA,0.874580518775421
469.95,0.792645045581631,0.0552690124042421,NA,NA,NA,NA,NA,0.847914057985874
470.31,0.753021575504131,0.0573219602820659,NA,NA,NA,NA,NA,0.810343535786197
470.67,0.716192087821919,0.0609608808337057,NA,NA,NA,NA,NA,0.777152968655625
471.02,0.684638629623974,0.0646596927444872,NA,NA,NA,NA,NA,0.749298322368461
471.38,0.685203955125742,0.0716478859875316,NA,NA,NA,NA,NA,0.756851841113274
471.74,0.665661244609854,0.0740225990748772,NA,NA,NA,NA,NA,0.739683843684731
472.09,0.635491473180024,0.0792242868576417,NA,NA,NA,NA,NA,0.714715760037666
472.45,0.600662807799678,0.0853556824564475,NA,NA,NA,NA,NA,0.686018490256125
472.81,0.578541178146786,0.0948167771338365,NA,NA,NA,NA,NA,0.673357955280623
473.16,0.556067340784013,0.100438167998299,NA,NA,NA,NA,NA,0.656505508782312
473.52,0.552107192028385,0.103262802106645,NA,NA,NA,NA,NA,0.65536999413503
473.88,0.536883301378587,0.109177554721142,NA,NA,NA,NA,NA,0.646060856099729
474.23,0.516483816337752,0.112823630228239,NA,NA,NA,NA,NA,0.629307446565991
474.59,0.491999116175003,0.121374435344693,NA,NA,NA,NA,NA,0.613373551519697
474.95,0.472360459726257,0.128358120694814,NA,NA,NA,NA,NA,0.600718580421071
475.3,0.447125591779328,0.131014311998906,NA,NA,NA,NA,NA,0.578139903778234
475.66,0.417274268663331,0.14067722532988,NA,NA,NA,NA,NA,0.557951493993211
476.02,0.399188442185485,0.144833422418273,NA,NA,NA,NA,NA,0.544021864603758
476.37,0.379468698019117,0.154838872424929,NA,NA,NA,NA,NA,0.534307570444046
476.73,0.362961830919264,0.160042001824864,NA,NA,NA,NA,NA,0.523003832744128
477.09,0.344222527474874,0.162589616354157,NA,NA,NA,NA,NA,0.506812143829031
477.44,0.328027005952072,0.170789787347935,NA,NA,NA,NA,NA,0.498816793300007
477.8,0.314269374382745,0.174296091819116,NA,NA,NA,NA,NA,0.488565466201861
478.15,0.291857218252998,0.185169335700196,NA,NA,NA,NA,NA,0.477026553953194
478.51,0.272685708703995,0.194046714833038,NA,NA,NA,NA,NA,0.466732423537033
478.87,0.261501358947083,0.201777016465039,NA,NA,NA,NA,NA,0.463278375412122
479.22,0.265940349460773,0.210668825673385,NA,NA,NA,NA,NA,0.476609175134159
479.58,0.251510685810485,0.220083036502297,NA,NA,NA,NA,NA,0.471593722312783
479.93,0.234877798548329,0.227336033751934,NA,NA,NA,NA,NA,0.462213832300264
480.29,0.233009941759503,0.239163052789448,NA,NA,NA,NA,NA,0.472172994548952
480.65,0.231171183857205,0.246137660178972,NA,NA,NA,NA,NA,0.477308844036177
481,0.234238450525937,0.260079703145931,NA,NA,NA,NA,NA,0.494318153671868
481.36,0.234856123126184,0.269127316848719,NA,NA,NA,NA,NA,0.503983439974903
481.71,0.227404615566104,0.279462235545762,NA,NA,NA,NA,NA,0.506866851111866
482.07,0.221165951016915,0.291656138733311,NA,NA,NA,NA,NA,0.512822089750226
482.42,0.222488660729651,0.300713781753624,NA,NA,NA,NA,NA,0.523202442483275
482.78,0.228705534136908,0.313887945108544,NA,NA,NA,NA,NA,0.542593479245453
483.14,0.212484909093692,0.322458996836619,NA,NA,NA,NA,NA,0.534943905930311
483.49,0.207091354412478,0.333634711402134,NA,NA,NA,NA,NA,0.540726065814613
483.85,0.208161827313408,0.346911547133384,NA,NA,NA,NA,NA,0.555073374446792
484.2,0.20857592949478,0.358144004880668,NA,NA,NA,NA,NA,0.566719934375447
484.56,0.201577026640395,0.366811800736771,NA,NA,NA,NA,NA,0.568388827377166
484.91,0.197113906655502,0.380881346401591,NA,NA,NA,NA,NA,0.577995253057092
485.27,0.187162458555812,0.395019041041525,0.00993657870032202,NA,NA,NA,NA,0.592118078297659
485.62,0.184321929081334,0.406952752579719,0.0117426542458724,NA,NA,NA,NA,0.603017335906926
485.98,0.184540954069374,0.421454100457846,0.0140918345968151,NA,NA,NA,NA,0.620086889124035
486.33,0.185065462316532,0.432539740518822,0.0148251156574138,NA,NA,NA,NA,0.632430318492768
486.69,0.179294752385836,0.445683416978582,0.0136269589279041,NA,NA,NA,NA,0.638605128292322
487.04,0.186401357504745,0.463218137551759,0.0215466223909305,NA,NA,NA,NA,0.671166117447435
487.4,0.191192179460572,0.477633945008343,0.0289648625612765,NA,NA,NA,NA,0.697790987030192
487.75,0.19028287555841,0.494376932837031,0.0288837472551949,NA,NA,NA,NA,0.713543555650636
488.11,0.183222374223583,0.506756089929432,0.0297615805723558,NA,NA,NA,NA,0.71974004472537
488.46,0.176804627507128,0.523590403260159,0.0306727911064754,NA,NA,NA,NA,0.731067821873763
488.82,0.166177771801751,0.540065721124412,0.0376015734387305,NA,NA,NA,NA,0.743845066364893
489.17,0.16395960488001,0.558590389162866,0.0429592851124917,NA,NA,NA,NA,0.765509279155367
489.53,0.167765466662919,0.57837591937784,0.0444194723000118,NA,NA,NA,NA,0.790560858340771
489.88,0.160223464981567,0.593241306771902,0.0434111460678537,NA,NA,NA,NA,0.796875917821323
490.24,0.162987464442916,0.605747332012179,0.0458206248904203,NA,NA,NA,NA,0.814555421345515
490.59,0.155588348681093,0.622773215356907,0.0496708407238685,NA,NA,NA,NA,0.828032404761869
490.95,0.145108739800264,0.635385346041045,0.0573255531017376,NA,NA,NA,NA,0.837819638943047
491.3,0.132492560610248,0.652486182479516,0.0553735946772964,NA,NA,NA,NA,0.84035233776706
491.65,0.127711290644624,0.669844238802986,0.0612466011454224,NA,NA,NA,NA,0.858802130593033
492.01,0.123225178936179,0.685878927057638,0.0632898678961663,NA,NA,NA,NA,0.872393973889983
492.36,0.123358962696058,0.701437486764332,0.0637273889377041,NA,NA,NA,NA,0.888523838398094
492.72,0.103930463147295,0.714044179894047,0.0666111475012727,NA,NA,NA,NA,0.884585790542614
493.07,0.0931865939057564,0.727668564481836,0.0700709184402542,NA,NA,NA,NA,0.890926076827846
493.43,0.0923488297459626,0.744753473915301,0.0772316715986451,NA,NA,NA,NA,0.914333975259909
493.78,0.0890209519270163,0.758118712116353,0.083220197592603,NA,NA,NA,NA,0.930359861635972
494.13,0.0898599797477588,0.775063131673874,0.0870404096508556,NA,NA,NA,NA,0.951963521072488
494.49,0.0712784634895514,0.790011453835479,0.0902921786100128,NA,NA,NA,NA,0.951582095935043
494.84,0.0516437856712685,0.803826842373804,0.0981077392405731,NA,NA,NA,NA,0.953578367285646
495.2,0.0526083014994383,0.818972723299872,0.101290089049982,NA,NA,NA,NA,0.972871113849292
495.55,0.0541789197850402,0.828426733401168,0.10387682360909,NA,NA,NA,NA,0.986482476795299
495.9,0.0412169717387634,0.842265734439909,0.106670242900634,NA,NA,NA,NA,0.990152949079307
496.26,0.0435558878213794,0.856960486050025,0.107154923655038,NA,NA,NA,NA,1.00767129752644
496.61,0.0365306640202364,0.870653167461217,0.113555095388331,NA,NA,NA,NA,1.02073892686978
496.97,0.0346317049657262,0.882370734369833,0.114802629843023,NA,NA,NA,NA,1.03180506917858
497.32,0.0236884722102272,0.89242618772748,0.12692384558448,NA,NA,NA,NA,1.04303850552219
497.67,0.0245509033939771,0.904200816985701,0.125794834114275,NA,NA,NA,NA,1.05454655449395
498.03,0.0228983589866329,0.918045733745559,0.132602864424807,NA,NA,NA,NA,1.073546957157
498.38,0.0239313446299286,0.928073005622643,0.139087184941149,NA,NA,NA,NA,1.09109153519372
498.73,0.0168525533685881,0.932473377531355,0.139609265257359,NA,NA,NA,NA,1.0889351961573
499.09,0.00387973233544036,0.939532635155313,0.139080892129243,NA,NA,NA,NA,1.08249325962
499.44,0.00623536383190507,0.941439384692118,0.149114084196082,NA,NA,NA,NA,1.0967888327201
499.79,0.00195713501367304,0.947008137126477,0.15286641447247,NA,NA,NA,NA,1.10183168661262
500.15,NA,0.951246440329927,0.165629662242837,NA,NA,NA,NA,1.11687610257276
500.5,NA,0.952831921525198,0.173340140479486,NA,NA,NA,NA,1.12617206200468
500.85,NA,0.952160652440851,0.173650629127788,NA,NA,NA,NA,1.12581128156864
501.21,NA,0.953290076869871,0.184653260421416,NA,NA,NA,NA,1.13794333729129
501.56,NA,0.953272219233288,0.189122258359829,NA,NA,NA,NA,1.14239447759312
501.91,NA,0.954832196530049,0.196034672292035,NA,NA,NA,NA,1.15086686882208
502.27,NA,0.953463507523339,0.206947252428748,NA,NA,NA,NA,1.16041075995209
502.62,NA,0.951235717268038,0.212592114346978,NA,NA,NA,NA,1.16382783161502
502.97,NA,0.948484602579324,0.225011649107563,NA,NA,NA,NA,1.17349625168689
503.33,NA,0.944614650445236,0.231875831260095,NA,NA,NA,NA,1.17649048170533
503.68,NA,0.940878990122548,0.246284875470792,NA,NA,NA,NA,1.18716386559334
504.03,NA,0.936939476676743,0.26142208761881,NA,NA,NA,NA,1.19836156429555
504.38,NA,0.928893528104362,0.269869927299067,NA,NA,NA,NA,1.19876345540343
504.74,NA,0.923761625649626,0.281832150861507,NA,NA,NA,NA,1.20559377651113
505.09,NA,0.913047713490883,0.289668116358605,0.0424408750092038,NA,NA,NA,1.24515670485869
505.44,NA,0.905751816146993,0.297928053129106,0.043269887562815,NA,NA,NA,1.24694975683891
505.8,NA,0.901240902932796,0.313522330770592,0.0398519889718153,NA,NA,NA,1.2546152226752
506.15,NA,0.893461456061818,0.329467081617436,0.0333328338654859,NA,NA,NA,1.25626137154474
506.5,NA,0.888783630183669,0.341563531761897,0.0283451417440271,NA,NA,NA,1.25869230368959
506.85,NA,0.881659896320537,0.352292269549986,0.024514496055904,NA,NA,NA,1.25846666192643
507.21,NA,0.872524827189191,0.365064340111176,0.0246843920463154,NA,NA,NA,1.26227355934668
507.56,NA,0.860766662916524,0.376796700473644,0.0305981788833754,NA,NA,NA,1.26816154227354
507.91,NA,0.847512653019915,0.391010689375593,0.0404065471426684,NA,NA,NA,1.27892988953818
508.26,NA,0.832364422558787,0.400911774651128,0.0311080083955925,NA,NA,NA,1.26438420560551
508.61,NA,0.819879636124298,0.414354546708317,0.0350608373347927,NA,NA,NA,1.26929502016741
508.97,NA,0.809501712710377,0.420516317407555,0.0333502912507333,NA,NA,NA,1.26336832136867
509.32,NA,0.798237211255744,0.441155603859537,0.0343464520742453,NA,NA,NA,1.27373926718953
509.67,NA,0.780192859767615,0.45757008770683,0.0408714248534834,NA,NA,NA,1.27863437232793
510.02,NA,0.763439410364769,0.471664310371044,0.0370273466926648,NA,NA,NA,1.27213106742848
510.38,NA,0.752750803734532,0.486427528321574,0.0364555118004195,NA,NA,NA,1.27563384385653
510.73,NA,0.74047802754635,0.504892342594597,0.0445957563748846,NA,NA,NA,1.28996612651583
511.08,NA,0.730622039218686,0.517742950521233,0.0495788835494319,NA,NA,NA,1.29794387328935
511.43,NA,0.719650031786429,0.53498394724721,0.0538884676456318,NA,NA,NA,1.30852244667927
511.78,NA,0.707246230284146,0.554577353506423,0.0511575836821769,NA,NA,NA,1.31298116747275
512.14,NA,0.700344553949652,0.568642279180838,0.045929527682536,NA,NA,NA,1.31491636081303
512.49,NA,0.686635556295993,0.584036825608081,0.0491986938577099,NA,NA,NA,1.31987107576178
512.84,NA,0.673616692424858,0.602655980345813,0.05529294246898,NA,NA,NA,1.33156561523965
513.19,NA,0.664966561548281,0.625475978896299,0.0563484827856839,NA,NA,NA,1.34679102323026
513.54,NA,0.657445722601677,0.640840077252504,0.0508825562823663,NA,NA,NA,1.34916835613655
513.89,NA,0.645266212596391,0.655841807621371,0.0532531867285114,NA,NA,NA,1.35436120694627
514.25,NA,0.636104645858094,0.670521796440148,0.0652551447133006,NA,NA,NA,1.37188158701154
514.6,NA,0.624020058858862,0.684037314183598,0.0618734609646362,NA,NA,NA,1.3699308340071
514.95,NA,0.614325116274981,0.703891550541692,0.0591375020368465,NA,NA,NA,1.37735416885352
515.3,NA,0.605442832681286,0.71828552146355,0.0532970529566726,NA,NA,NA,1.37702540710151
515.65,NA,0.596299468145927,0.732954422332991,0.038979822091456,NA,NA,NA,1.36823371257037
516,NA,0.588155357051816,0.750524828553423,0.0467855429143737,NA,NA,NA,1.38546572851961
516.35,NA,0.578130206880261,0.765426466850348,0.0527490107543699,NA,NA,NA,1.39630568448498
516.71,NA,0.567760490904752,0.781410310324894,0.0694388263004346,NA,NA,NA,1.41860962753008
517.06,NA,0.557991361037209,0.796537373800903,0.0707306230226695,NA,NA,NA,1.42525935786078
517.41,NA,0.54624973264569,0.813675178562542,0.0776953021477587,NA,NA,NA,1.43762021335599
517.76,NA,0.534092565077221,0.832063683155737,0.0880115365457843,NA,NA,NA,1.45416778477874
518.11,NA,0.522842103909986,0.846610438113862,0.0961393709062352,NA,NA,NA,1.46559191293008
518.46,NA,0.510897921780815,0.865116070671005,0.109481994309908,NA,NA,NA,1.48549598676173
518.81,NA,0.499419221883914,0.88335969915329,0.111311082887836,NA,NA,NA,1.49409000392504
519.16,NA,0.491987539997793,0.899428954759094,0.113339140049075,NA,NA,NA,1.50475563480596
519.51,NA,0.483143661098195,0.91170724691407,0.108496221624263,NA,NA,NA,1.50334712963653
519.86,NA,0.47440907870134,0.922244636961812,0.117428264500208,NA,NA,NA,1.51408198016336
520.22,NA,0.466376647922709,0.93647968350618,0.121043554533374,NA,NA,NA,1.52389988596226
520.57,NA,0.457850869432869,0.952524571111082,0.131432303249301,NA,NA,NA,1.54180774379325
520.92,NA,0.447280210495143,0.962145659392107,0.137416535685552,NA,NA,NA,1.5468424055728
521.27,NA,0.439181373327573,0.97389248798789,0.14188790931946,NA,NA,NA,1.55496177063492
521.62,NA,0.43267614137091,0.986647021041634,0.157586190313432,NA,NA,NA,1.57690935272598
521.97,NA,0.422048079715895,0.999396195761177,0.158186089874065,NA,NA,NA,1.57963036535114
522.32,NA,0.41039153952839,1.00917918914911,0.165875053635057,NA,NA,NA,1.58544578231256
522.67,NA,0.404266455599154,1.01941412425705,0.166787011494308,NA,NA,NA,1.59046759135051
523.02,NA,0.399007595791989,1.02256377946991,0.162944528900969,NA,NA,NA,1.58451590416287
523.37,NA,0.394011514635064,1.02068556410101,0.178779712898192,NA,NA,NA,1.59347679163427
523.72,NA,0.383687709269832,1.03000703018337,0.194395104449017,NA,NA,NA,1.60808984390222
524.07,NA,0.376206662643715,1.04150843670122,0.199349818359933,NA,NA,NA,1.61706491770487
524.42,NA,0.36610913674301,1.04934278774688,0.200671468370445,NA,NA,NA,1.61612339286034
524.77,NA,0.355582414076505,1.0540744852361,0.204927924450599,NA,NA,NA,1.61458482376321
525.12,NA,0.347181070019566,1.06267903431067,0.223778505721308,NA,NA,NA,1.63363861005155
525.47,NA,0.341990819871217,1.07155501871307,0.230757276731441,NA,NA,NA,1.64430311531573
525.82,NA,0.33565328215081,1.07453866183399,0.238146438536254,NA,NA,NA,1.64833838252105
526.17,NA,0.329133164459579,1.07703185469886,0.256715713817001,NA,NA,NA,1.66288073297544
526.52,NA,0.321303033295751,1.07853981222261,0.274822203369928,NA,NA,NA,1.67466504888829
526.87,NA,0.314046064585049,1.07573246355162,0.290563386576206,NA,NA,NA,1.68034191471287
527.22,NA,0.306521519244305,1.07609077337764,0.315681412607479,NA,NA,NA,1.69829370522942
527.57,NA,0.300326656085438,1.07259947322567,0.321356532968456,NA,NA,NA,1.69428266227956
527.92,NA,0.293919815650157,1.06975788988701,0.332894659076463,NA,NA,NA,1.69657236461363
528.27,NA,0.288827762783029,1.06989153061199,0.338039047874354,NA,NA,NA,1.69675834126937
528.62,NA,0.281807562023804,1.06844231960749,0.350410841388785,NA,NA,NA,1.70066072302008
528.97,NA,0.276936886844745,1.06377290890881,0.36595573212904,NA,NA,NA,1.7066655278826
529.32,NA,0.272631524462244,1.05380360214039,0.376532188401539,NA,NA,NA,1.70296731500418
529.67,NA,0.266271312197018,1.04658155169928,0.390072685956654,NA,NA,NA,1.70292554985296
530.02,NA,0.259986363933689,1.03177583270137,0.397410694717235,NA,NA,NA,1.68917289135229
530.37,NA,0.25440109378948,1.01812002538027,0.411871675184932,NA,NA,NA,1.68439279435468
530.72,NA,0.247142465846547,1.00627521944159,0.424512856172666,NA,NA,NA,1.67793054146081
531.07,NA,0.24189912900833,1.00243425746827,0.447378767683505,NA,NA,NA,1.69171215416011
531.42,NA,0.236560878938015,1.00140182862385,0.468609059817245,NA,NA,NA,1.70657176737911
531.77,NA,0.230827405064214,0.992563604540884,0.485243507070634,NA,NA,NA,1.70863451667573
532.12,NA,0.223818913022132,0.986442987823315,0.497159888965101,NA,NA,NA,1.70742178981055
532.47,NA,0.218014125407651,0.978095622791594,0.520233208424431,NA,NA,NA,1.71634295662368
532.81,NA,0.210895615173207,0.963222138126755,0.542832103985409,NA,NA,NA,1.71694985728537
533.16,NA,0.205878115768927,0.95014087840054,0.549822612745946,NA,NA,NA,1.70584160691541
533.51,NA,0.2016874329297,0.940529388531661,0.568026506213593,NA,NA,NA,1.71024332767495
533.86,NA,0.196888440836718,0.920971778333678,0.583726721344678,NA,NA,NA,1.70158694051507
534.21,NA,0.190788677578736,0.910339628757133,0.600004390377719,NA,NA,NA,1.70113269671359
534.56,NA,0.185052373043462,0.901808708885049,0.613132137458419,NA,NA,NA,1.69999321938693
534.91,NA,0.17809339207539,0.893081399740913,0.628911969537421,NA,NA,NA,1.70008676135372
535.26,NA,0.175822539904921,0.874050954408129,0.639675518305248,NA,NA,NA,1.6895490126183
535.61,NA,0.172427827095312,0.857787195863618,0.656682379596426,NA,NA,NA,1.68689740255536
535.96,NA,0.168751848748856,0.840385248024132,0.681435918507097,NA,NA,NA,1.69057301528008
536.3,NA,0.165101066765457,0.821709253650603,0.702550345382937,NA,NA,NA,1.689360665799
536.65,NA,0.156436044441367,0.811298724451062,0.710329044287885,NA,NA,NA,1.67806381318031
537,NA,0.150203141597468,0.793778671483647,0.729426388693621,NA,NA,NA,1.67340820177474
537.35,NA,0.147442378844333,0.782334456573716,0.744104492755083,NA,NA,NA,1.67388132817313
537.7,NA,0.146805981719733,0.771097138379432,0.765169459309271,NA,NA,NA,1.68307257940844
538.05,NA,0.143921757420861,0.750145553077701,0.775179502796172,NA,NA,NA,1.66924681329473
538.4,NA,0.141951593874259,0.745368756953742,0.787043140397148,NA,NA,NA,1.67436349122515
538.74,NA,0.138068659173742,0.730949120616505,0.801425680423942,NA,NA,NA,1.67044346021419
539.09,NA,0.13647931416858,0.725825335149171,0.822579837813945,NA,NA,NA,1.6848844871317
539.44,NA,0.136825604635204,0.71427359234248,0.834474374349819,NA,NA,NA,1.6855735713275
539.79,NA,0.135801242837799,0.703540064451045,0.84551802715498,NA,NA,NA,1.68485933444382
540.14,NA,0.1320554803885,0.696643468231472,0.865644171136377,0.00112730117688146,NA,NA,1.69547042093323
540.48,NA,0.126540879716094,0.682784622785651,0.877738531089062,0.00126414589132305,NA,NA,1.68832817948213
540.83,NA,0.122426743944477,0.671008714975923,0.889090626075565,0.00482919685058905,NA,NA,1.68735528184655
541.18,NA,0.120829732544417,0.663493842625102,0.89876279354939,0.0074607415425118,NA,NA,1.69054711026142
541.53,NA,0.118931616501013,0.659225079778262,0.911836688283501,0.0101187640559653,NA,NA,1.70011214861874
541.88,NA,0.114905707791109,0.650144709909581,0.922194164668991,0.003495214612465,NA,NA,1.69073979698215
542.23,NA,0.111570555471591,0.639189927543193,0.928268949175111,0.00282134542138063,NA,NA,1.68185077761128
542.57,NA,0.107841734618966,0.630349058014598,0.933169980666674,0.0053580980579011,NA,NA,1.67671887135814
542.92,NA,0.109020055491609,0.621642836717383,0.93396076270861,0.00407156134390231,NA,NA,1.6686952162615
543.27,NA,0.106239071525372,0.61601189376563,0.942456190158133,0.00616016270414761,NA,NA,1.67086731815328
543.62,NA,0.105550555015899,0.598954314373666,0.953913193718471,0.00562180496513373,NA,NA,1.66403986807317
543.96,NA,0.10714117318204,0.590866325487025,0.95651717646055,0.00523465707202384,NA,NA,1.65975933220164
544.31,NA,0.105827269564937,0.579069942333583,0.953294085714446,0.00404488908321781,NA,NA,1.64223618669618
544.66,NA,0.102919791256449,0.573778278163526,0.969776230248428,0.00556190349267882,NA,NA,1.65203620316108
545.01,NA,0.103990911933359,0.556783218785016,0.982845964228667,0.00709937912170915,0.000368993328702592,NA,1.65108846739745
545.35,NA,0.104415388429189,0.557890232204532,0.989391237354063,0.00798948852826395,0.00045617523328501,NA,1.66014252174933
545.7,NA,0.10241767853707,0.54999192884507,1.00702219568974,0.00527779015738435,0.00131159285406891,NA,1.66602118608333
546.05,NA,0.099575792192335,0.541269672817929,1.02427404916307,0.00742822575375752,0.001858285015449,NA,1.67440602494254
546.4,NA,0.0970175119026894,0.531774651792792,1.03406232359914,0.00702446378564531,0.00176782789003207,NA,1.6716467789703
546.74,NA,0.0921273284035869,0.528734883186412,1.0422164250973,0.00573604299882692,0.00155167648821916,NA,1.67036635617434
547.09,NA,0.0911225062510659,0.521512794817274,1.04900379246442,0.00744424590677927,0.00211348783422266,NA,1.67119682727376
547.44,NA,0.0884384029935645,0.51285402631316,1.04879699768372,0.00893220995638627,0.00231263589349784,NA,1.66133427284033
547.79,NA,0.0841898162327286,0.505694784552296,1.05514044690725,0.0115058507296509,0.0025151027724443,NA,1.65904600119437
548.13,NA,0.086324287821744,0.496732764068059,1.05688615413215,0.012806407925305,0.00250465909078893,NA,1.65525427303804
548.48,NA,0.0840738790773251,0.48331255491337,1.05697817084148,0.0167436348735269,0.00343567345356707,NA,1.64454391315927
548.83,NA,0.0805334880250374,0.475816846837695,1.05332627243421,0.0130067248451466,0.00305797332927069,NA,1.62574130547136
549.17,NA,0.0747040067316786,0.466636342693518,1.04734727414325,0.0154530647667611,0.00325031652877462,NA,1.60739100486398
549.52,NA,0.0727934777094408,0.458225487104528,1.04839699495928,0.0177277172472879,0.00322405813011489,NA,1.60036773515066
549.87,NA,0.0696076286895333,0.443107031636355,1.0488416358974,0.0180680481617314,0.00320067513548741,NA,1.58282501952051
550.22,NA,0.0657257432851112,0.433675615918018,1.0547501935044,0.0203934053617749,0.00375852796543097,NA,1.57830348603474
550.56,NA,0.0612427816983239,0.420002245988014,1.0503386007552,0.0227930194584785,0.00419235908551035,NA,1.55856900698552
550.91,NA,0.0547106434250489,0.408970789143107,1.05039960608205,0.0197123348485696,0.00370664707828686,NA,1.53750002057706
551.26,NA,0.051927710236069,0.396107863019753,1.04861724616092,0.0223957224271994,0.00408918425072934,NA,1.52313772609467
551.6,NA,0.0527593226471705,0.380710793757854,1.04525681691868,0.0261502231276495,0.00461211271963975,NA,1.509489269171
551.95,NA,0.0516040581506285,0.375402848670474,1.04480031353313,0.0288924548048857,0.00500478626233304,NA,1.50570446142145
552.3,NA,0.052695884030408,0.37014118681366,1.04982724709904,0.031856196014744,0.00480383816821575,NA,1.50932435212607
552.64,NA,0.0469582512420833,0.360841527279916,1.0525449630387,0.0353378176013873,0.00506080247515666,NA,1.50074336163724
552.99,NA,0.0452907763597782,0.355517714208022,1.04666211361602,0.0365546919852258,0.00585325280129969,NA,1.48987854897035
553.33,NA,0.0492449165785055,0.347570559683464,1.0503739104563,0.0476850053677301,0.00549762368621578,NA,1.50037201577221
553.68,NA,0.0474639271877996,0.341727139492568,1.05491083550677,0.0498708240150327,0.00596619368955489,NA,1.49993891989173
554.03,NA,0.046300709809328,0.322740851765612,1.05655177674601,0.0551337194049882,0.00552118932010438,NA,1.48624824704604
554.37,NA,0.0405173305512344,0.3090310625134,1.05894604725286,0.0591806001202049,0.00494383492176444,NA,1.47261887535946
554.72,NA,0.0406712017434677,0.296148819492505,1.04979721084192,0.0634822547541034,0.00527015778759334,NA,1.45536964461959
555.07,NA,0.038518366068652,0.297683813385107,1.04542981366479,0.0655858149752452,0.00606032991598344,NA,1.45327813800978
555.41,NA,0.0321725854689192,0.284387230658949,1.03736732236442,0.0649336847697677,0.00573707645453892,NA,1.42459789971659
555.76,NA,0.0314446242682796,0.278071846361566,1.02968851903493,0.0715541007098776,0.00636070134142569,NA,1.41711979171608
556.11,NA,0.0332114088249788,0.26974797842042,1.02580278799892,0.0746628922390987,0.00619368328117634,NA,1.40961875076459
556.45,NA,0.0299539290303067,0.270283581058662,1.01816234996944,0.0790605896132826,0.00617426107791456,NA,1.40363471074961
556.8,NA,0.0277878660203027,0.264628767376963,1.01998612711851,0.0834866200914812,0.00643805239845627,NA,1.40232743300572
557.14,NA,0.0258475358422605,0.258415644607271,1.01003828221669,0.0913956417844752,0.00517849960963046,NA,1.39087560406032
557.49,NA,0.025070615713513,0.249931037287569,0.999190693755788,0.0962804029550164,0.00515717174585355,NA,1.37562992145774
557.83,NA,0.0258465267845781,0.240025624313442,0.985972194324864,0.10246459218295,0.00470412706786009,NA,1.35901306467369
558.18,NA,0.0240623869244383,0.236052947628106,0.975741582000881,0.11107639592794,0.00460907113825526,NA,1.35154238361962
558.53,NA,0.0211453513460719,0.23653297192375,0.960954227768171,0.115859683668656,0.00460057050442939,NA,1.33909280521108
558.87,NA,0.0250334291433887,0.22830844743798,0.952630960083756,0.123946548157071,0.00498771185650685,NA,1.3349070966787
559.22,NA,0.0247207742655292,0.232023983056374,0.939602921552294,0.122250360061099,0.0050452845373098,NA,1.32364332347261
559.56,NA,0.0205988426615549,0.219729911682267,0.932963121547412,0.132274077869948,0.00534804179863597,NA,1.31091399555982
559.91,NA,0.0241558489925503,0.213956714011969,0.91743873946923,0.138659666795783,0.00460839656101777,NA,1.29881936583055
560.25,NA,NA,0.208540987820298,0.914412926226133,0.149554169200828,0.00536328552381642,NA,1.27787136877107
560.6,NA,NA,0.196574864525367,0.895910274980539,0.157378046310758,0.0057512252625626,NA,1.25561441107923
560.95,NA,NA,0.194091895816175,0.88774498630009,0.166751199093988,0.00650244520329596,NA,1.25509052641355
561.29,NA,NA,0.194652341134963,0.878815705731928,0.169578297784847,0.00660557841983413,NA,1.24965192307157
561.64,NA,NA,0.192715568500794,0.865853728611273,0.180224146108225,0.00635118108949442,NA,1.24514462430979
561.98,NA,NA,0.185930889816497,0.854444998683462,0.192307400412775,0.00605259406737315,NA,1.23873588298011
562.33,NA,NA,0.18775913726738,0.840744366511895,0.20402385717422,0.00705651800964788,NA,1.23958387896314
562.67,NA,NA,0.184224520615372,0.834893001253904,0.210435167207298,0.00688751472007899,NA,1.23644020379665
563.02,NA,NA,0.184163621549389,0.829353260521208,0.217192350346876,0.00694356830048648,NA,1.23765280071796
563.36,NA,NA,0.179931479581206,0.806854899477556,0.231500879128338,0.00667281405277908,NA,1.22496007223988
563.71,NA,NA,0.170976417276862,0.791345848333155,0.24709490393768,0.00775254661768499,NA,1.21716971616538
564.05,NA,NA,0.170097782954181,0.788248619087526,0.255550666249415,0.00745039226092351,NA,1.22134746055205
564.4,NA,NA,0.161420405441284,0.790198968359444,0.27224389590594,0.00744997091904092,NA,1.23131324062571
564.74,NA,NA,0.15444766184627,0.777483254349156,0.28420455065604,0.00784433544846537,NA,1.22397980229993
565.09,NA,NA,0.146685745366682,0.766370141974882,0.296889644642292,0.00771267858764039,NA,1.2176582105715
565.43,NA,NA,0.153955564396566,0.751820830972682,0.317587816943446,0.00811119426493508,NA,1.23147540657763
565.78,NA,NA,0.15540550572943,0.740458460170312,0.332270034919421,0.00905998596177448,NA,1.23719398678094
566.12,NA,NA,0.157086247994887,0.733323437134732,0.348707866741533,0.00983551291719035,NA,1.24895306478834
566.47,NA,NA,0.150470641739449,0.716878184876028,0.369668359883553,0.0104117072570822,NA,1.24742889375611
566.81,NA,NA,0.150577372113173,0.706335284354145,0.39429593472742,0.010674707607569,NA,1.26188329880231
567.16,NA,NA,0.153336966483909,0.69797213661187,0.412028435164883,0.0106372135913519,NA,1.27397475185202
567.5,NA,NA,0.146212425753769,0.682195833107188,0.430840080893289,0.0109799634205713,NA,1.27022830317482
567.84,NA,NA,0.143014644890755,0.673235166331258,0.449636356024883,0.0113733295102987,NA,1.27725949675719
568.19,NA,NA,0.131328479627902,0.657391804071376,0.465445711391345,0.0123856844706018,NA,1.26655167956123
568.53,NA,NA,0.130651176475494,0.637112341091708,0.486230733857575,0.0136333987192948,NA,1.26762765014407
568.88,NA,NA,0.129699859413291,0.643384890566914,0.504398730710658,0.0144558418929169,NA,1.29193932258378
569.22,NA,NA,0.128464741437188,0.629659193983108,0.518236959395056,0.0157324208718602,NA,1.29209331568721
569.57,NA,NA,0.115755737356512,0.618557554353897,0.530075855104665,0.0162532378895349,NA,1.28064238470461
569.91,NA,NA,0.107848300734268,0.609192923684463,0.544599833437855,0.0169771314244585,NA,1.27861818928104
570.26,NA,NA,0.105135031452851,0.600323004235325,0.55241389100856,0.0179564858157302,NA,1.27582841251247
570.6,NA,NA,0.0903239413769173,0.596513667229407,0.574533963304312,0.0184187573232979,NA,1.27979032923393
570.94,NA,NA,0.0898667129032555,0.586488871855827,0.587514761318888,0.0189870259683327,NA,1.2828573720463
571.29,NA,NA,0.0962890155732646,0.587885959879426,0.601221237535552,0.0197969007738721,NA,1.30519311376211
571.63,NA,NA,0.0922238158716318,0.57645146109969,0.613166205267848,0.0205296740977734,NA,1.30237115633694
571.98,NA,NA,0.0918842675802475,0.573964264255968,0.623872896103684,0.0202894250524701,NA,1.31001085299237
572.32,NA,NA,0.0953235946902607,0.565326565107217,0.6320599796876,0.0212222970543806,NA,1.31393243653946
572.66,NA,NA,0.0867080738226717,0.549287244381555,0.645187867313981,0.0220891833180479,NA,1.30327236883626
573.01,NA,NA,0.0798183177509623,0.537776921151591,0.649751241394549,0.0234772246181188,NA,1.29082370491522
573.35,NA,NA,0.0776056723473381,0.532978148953293,0.653092921864991,0.0240854294643486,NA,1.28776217262997
573.69,NA,NA,0.0714294297461097,0.529326063906213,0.653271193517948,0.024550771001529,NA,1.2785774581718
574.04,NA,NA,0.0710058950174386,0.522683872554655,0.65355566636755,0.025439032783642,NA,1.27268446672329
574.38,NA,NA,0.0670664268603538,0.504205330689659,0.653860324138374,0.0257912843340917,NA,1.25092336602248
574.73,NA,NA,0.0655386035032392,0.506411404125839,0.647507343919322,0.027150643893908,NA,1.24660799544231
575.07,NA,NA,0.0671081297226853,0.499722254121593,0.6403985003046,0.028223550850318,NA,1.2354524349992
575.41,NA,NA,0.0622853816108895,0.486154266049279,0.638286819440113,0.0300265833285377,NA,1.21675305042882
575.76,NA,NA,0.0650485802892407,0.467360854522139,0.629604077608629,0.0308313955665952,NA,1.1928449079866
576.1,NA,NA,0.0672450118874671,0.451982533935949,0.615512239376283,0.0326273240952768,NA,1.16736710929498
576.44,NA,NA,0.0688405654522449,0.44365460191796,0.607347483455602,0.0343631365164156,NA,1.15420578734222
576.79,NA,NA,0.0638945197686291,0.441020940741668,0.587586827027782,0.0357118399792658,NA,1.12821412751734
577.13,NA,NA,0.0622892843500386,0.425285278943688,0.578897966214923,0.037689872686271,NA,1.10416240219492
577.47,NA,NA,0.0516320829784766,0.414051681976295,0.563395734185784,0.0394747105389216,NA,1.06855420967948
577.82,NA,NA,0.0507700182674939,0.40048718885995,0.549976779876129,0.0408945740875456,NA,1.04212856109112
578.16,NA,NA,0.0481253366072053,0.390318577468326,0.530793396009902,0.0430623187600404,NA,1.01229962884547
578.5,NA,NA,0.0379611953208226,0.395928786088793,0.518242254864856,0.0452960399054279,NA,0.997428276179899
578.84,NA,NA,0.032070225712756,0.392449612544048,0.499068021814217,0.0480951668650422,NA,0.971683026936064
579.19,NA,NA,0.0254278621146363,0.382885180271088,0.479936742085162,0.0505384213394732,NA,0.93878820581036
579.53,NA,NA,0.0263424360165574,0.37798730015209,0.464542627443432,0.0524029330272997,NA,0.921275296639379
579.87,NA,NA,0.0176174546248725,0.381682176181106,0.442670440743669,0.0547242589556133,NA,0.89669433050526
580.22,NA,NA,0.0207553703808331,0.364307792360749,0.428056667410403,0.056581746879403,0.021095005240631,0.89079658227202
580.56,NA,NA,0.0288186375972056,0.359152845333528,0.412507645813975,0.0589876154749014,0.02463339394254,0.88410013816215
580.9,NA,NA,0.0322159249832935,0.350131846795652,0.396555312210904,0.0624078918583515,0.0290072941457803,0.870318269993981
581.24,NA,NA,0.0282725612092542,0.347083425868888,0.378556191427103,0.0651906386207617,0.0265896643316337,0.84569248145764
581.59,NA,NA,0.0328472860491493,0.334010484620747,0.365383412428166,0.0678832572208969,0.0222975606777866,0.822422000996746
581.93,NA,NA,0.0378259856056389,0.321578279201314,0.346187685824758,0.0717236700840598,0.0220502387971131,0.799365859512883
582.27,NA,NA,0.0358307805459724,0.324897033494241,0.32459714129846,0.0752507575962185,0.0208445315039387,0.78142024443883
582.62,NA,NA,0.0295169842861151,0.311299447246694,0.304157047301729,0.0789244943057332,0.0166636866031087,0.740561659743379
582.96,NA,NA,0.0283715818736462,0.307077159621251,0.285723056629121,0.0831766732805739,0.0174880356521589,0.721836507056751
583.3,NA,NA,0.0309890387551731,0.307538003251751,0.267266068399346,0.0873753061128612,0.0128536395418412,0.706022056060972
583.64,NA,NA,0.0284633575725845,0.299820369916188,0.24875708378777,0.0908050166327544,0.0111098851261518,0.678955713035448
583.98,NA,NA,0.0343379622865311,0.299362053458228,0.230561619516993,0.0949053236748826,0.0103230438773773,0.669490002814012
584.33,NA,NA,0.0360330590963774,0.288730382078737,0.214372206359772,0.098772276485953,0.00915791470182475,0.647065838722664
584.67,NA,NA,0.0375600160338432,0.276729960413915,0.203771868604864,0.103432207300452,0.0100369979384091,0.631531050291482
585.01,NA,NA,NA,0.269121262319076,0.195619217123017,0.108703534098485,0.0161946687584363,0.589638682299014
585.35,NA,NA,NA,0.251505949577216,0.183415911446644,0.113649580656845,0.0199425213437428,0.568513963024449
585.7,NA,NA,NA,0.252906778415123,0.179832605845714,0.119082385763135,0.0206477057291968,0.572469475753168
586.04,NA,NA,NA,0.240180682980978,0.17022590590819,0.124424244953976,0.0228545225397344,0.557685356382878
586.38,NA,NA,NA,0.229894728244652,0.160173536940339,0.129285458304235,0.0209430923099315,0.540296815799157
586.72,NA,NA,NA,0.214107815213674,0.146516222874297,0.133967100061285,0.0314195355520703,0.526010673701326
587.06,NA,NA,NA,0.207141678481927,0.136794707294556,0.1385133677888,0.0246121626944621,0.507061916259745
587.41,NA,NA,NA,0.205955467086376,0.135929408495496,0.142519968444992,0.0242353282885239,0.508640172315388
587.75,NA,NA,NA,0.201951366128762,0.12956120572182,0.14667918177443,0.0304230425409744,0.508614796165986
588.09,NA,NA,NA,0.195015534581612,0.124184138842632,0.151741432945235,0.0354105777791773,0.506351684148657
588.43,NA,NA,NA,0.212301143641541,0.112911630083829,0.156005423291958,0.0348935825306315,0.51611177954796
588.77,NA,NA,NA,0.213858271338734,0.102259142870461,0.159574206059598,0.0320090836719504,0.507700703940743
589.11,NA,NA,NA,0.227387641973413,0.0956898928229746,0.163334481346093,0.0259986100136715,0.512410626156153
589.46,NA,NA,NA,0.226515958646653,0.0883205351356647,0.167977494066592,0.0237351526790118,0.506549140527922
589.8,NA,NA,NA,0.217183821619816,0.080806194244247,0.171936895358878,0.0221439883283387,0.49207089955128
590.14,NA,NA,NA,0.213703698762414,0.0777351353772991,0.174901799643764,0.0228910296479129,0.48923166343139
590.48,NA,NA,NA,0.21079441502945,0.0727347125192853,0.17740062879292,0.0263172314900105,0.487246987831666
590.82,NA,NA,NA,0.194756478066,0.0631063146470861,0.179466175403331,0.0322131774459383,0.469542145562355
591.16,NA,NA,NA,0.183838582544427,0.0634630918572267,0.181763737170085,0.0335400198541459,0.462605431425884
591.5,NA,NA,NA,0.176835908578094,0.054772283763529,0.18415834120105,0.0287296524298458,0.444496185972519
591.85,NA,NA,NA,0.177282453783226,0.0488140239373192,0.184853189473578,0.0369166017196545,0.447866268913777
592.19,NA,NA,NA,0.180455232967863,0.0465929669128147,0.185086889929741,0.0446089739374559,0.456744063747875
592.53,NA,NA,NA,0.170106626069227,0.0442509201173743,0.185705084814486,0.0536922203774505,0.453754851378538
592.87,NA,NA,NA,0.177471145352775,0.0433533840473806,0.18537649580737,0.061734118989681,0.467935144197207
593.21,NA,NA,NA,0.182984969235521,0.0407088007504415,0.183754869785413,0.0631252285687918,0.470573868340168
593.55,NA,NA,NA,0.177368504877652,0.0387637146813315,0.183103030573945,0.0722614842026274,0.471496734335556
593.89,NA,NA,NA,0.177655992548042,0.0375841148240138,0.181656540639628,0.0754640218661882,0.472360669877872
594.23,NA,NA,NA,0.176482155004588,0.0343908711426526,0.17935609835367,0.0759021053299782,0.466131229830889
594.57,NA,NA,NA,0.174005310216968,0.03036303256764,0.177515065974074,0.078041359026311,0.459924767784994
594.91,NA,NA,NA,0.177838127051573,0.0288642130721245,0.174713123279583,0.0857832264785415,0.467198689881822
595.25,NA,NA,NA,0.181027718367458,0.0306292850077793,0.172234324282602,0.0944493551988509,0.47834068285669
595.6,NA,NA,NA,0.186378138616283,0.0331216750696256,0.169198907362503,0.09563544173612,0.484334162784532
595.94,NA,NA,NA,0.187804048038015,0.0234204521973899,0.166257085581842,0.106939268212978,0.484420854030225
596.28,NA,NA,NA,0.191095506027339,0.0204445647846602,0.161598335090665,0.114320964608323,0.487459370510987
596.62,NA,NA,NA,0.198166915956775,0.0202812718986375,0.157265417049718,0.116880763626782,0.492594368531912
596.96,NA,NA,NA,0.197531303158914,0.0143822322341809,0.153090751466482,0.123939606703859,0.488943893563436
597.3,NA,NA,NA,0.212805543303298,0.0134020603765156,0.147643750805889,0.127265142709097,0.501116497194799
597.64,NA,NA,NA,0.217684016379465,0.0117560358230081,0.143531487290693,0.132970382664144,0.50594192215731
597.98,NA,NA,NA,0.224831234297729,0.0123978366341319,0.137564108713121,0.134081756037281,0.508874935682263
598.32,NA,NA,NA,0.22589774717061,0.0111389584545602,0.133393439932887,0.151113992672315,0.521544138230372
598.66,NA,NA,NA,0.228082664733512,0.006406288555373,0.128874206336905,0.163913505468901,0.527276665094691
599,NA,NA,NA,0.231475847136554,0.0019710108781627,0.123884148523981,0.171881885967795,0.529212892506492
599.34,NA,NA,NA,0.221883692147927,0.00321474621558565,0.118094579687581,0.182896556323381,0.526089574374474
599.68,NA,NA,NA,0.20486523979055,0.00769437050344591,0.11214000690236,0.185649759822307,0.510349377018663
600.02,NA,NA,NA,0.198607604072448,NA,0.106118478106299,0.195431084199866,0.500157166378612
600.36,NA,NA,NA,0.194968869529184,NA,0.100936386058913,0.206913991818707,0.502819247406804
600.7,NA,NA,NA,0.193839758515204,NA,0.0962567691371032,0.216304204239904,0.506400731892211
601.04,NA,NA,NA,0.195915491018261,NA,0.0904493933045197,0.238911015615734,0.525275899938515
601.38,NA,NA,NA,0.181027095751747,NA,0.0854774557384187,0.2478895042979,0.514394055788065
601.72,NA,NA,NA,0.182330384056913,NA,0.081190009280696,0.253325789817014,0.516846183154623
602.06,NA,NA,NA,0.195786167330048,NA,0.0771976941645636,0.264462322440057,0.537446183934669
602.4,NA,NA,NA,0.197057132016458,NA,0.0728320934324841,0.270275459904287,0.54016468535323
602.74,NA,NA,NA,0.199319271857408,NA,0.068741479989114,0.285833757911997,0.553894509758519
603.08,NA,NA,NA,0.188030181987251,NA,0.0646274214984559,0.290900355885711,0.543557959371417
603.42,NA,NA,NA,0.17395698430211,NA,0.0601442343681437,0.301477130818285,0.535578349488539
603.76,NA,NA,NA,0.188379843666541,NA,0.0568676434751102,0.315180010068643,0.560427497210294
604.1,NA,NA,NA,0.176377653753776,NA,0.0531488414250637,0.339456783108927,0.568983278287767
604.44,NA,NA,NA,0.170236028895809,NA,0.0502386126750629,0.360110897258643,0.580585538829515
604.78,NA,NA,NA,0.165909057089359,NA,0.0475437453654189,0.36381011443881,0.577262916893587
605.12,NA,NA,NA,0.163119215722693,NA,0.0447958300375325,0.379934107435745,0.58784915319597
605.46,NA,NA,NA,0.161394164307775,NA,0.0421489248243323,0.396853786926896,0.600396876059003
605.8,NA,NA,NA,0.156944583556921,NA,0.0400708141981963,0.421531720360865,0.618547118115982
606.13,NA,NA,NA,0.143317699941092,NA,0.0380381456069146,0.439846941693075,0.621202787241082
606.47,NA,NA,NA,0.133275308510433,NA,0.0354420821291408,0.457451216403881,0.626168607043455
606.81,NA,NA,NA,0.127979210762759,NA,0.0334224888961178,0.485904550048489,0.647306249707366
607.15,NA,NA,NA,0.139252543770091,NA,0.0317266104932238,0.495724175036314,0.666703329299629
607.49,NA,NA,NA,0.132551089797411,NA,0.0299517289503421,0.519144130268784,0.681646949016537
607.83,NA,NA,NA,0.130249501778477,NA,0.0285497700158576,0.543169872554321,0.701969144348656
608.17,NA,NA,NA,0.124794977342472,NA,0.0266132877624237,0.574004585573652,0.725412850678547
608.51,NA,NA,NA,0.12285430513201,NA,0.0249020565586128,0.603101814465477,0.7508581761561
608.85,NA,NA,NA,0.145123072357195,NA,0.0227535620249685,0.6252008455696,0.793077479951763
609.19,NA,NA,NA,0.14168250141164,NA,0.0214984736812374,0.647975504131277,0.811156479224155
609.52,NA,NA,NA,0.140662861928355,NA,0.0204454304175726,0.660387516992732,0.82149580933866
609.86,NA,NA,NA,0.142360315421241,NA,0.0186135050677332,0.681390406717616,0.84236422720659
610.2,NA,NA,NA,0.132411441720611,NA,0.0175596579895456,0.712694147258351,0.862665246968507
610.54,NA,NA,NA,0.134141403849105,NA,0.016048321976767,0.73589788454519,0.886087610371061
610.88,NA,NA,NA,0.118075850067791,NA,0.0155100357839267,0.774872460463064,0.908458346314782
611.22,NA,NA,NA,0.128429843244414,NA,0.0153760544468053,0.809647289026161,0.95345318671738
611.56,NA,NA,NA,0.12036014007371,NA,0.0144306421762016,0.849037319266048,0.98382810151596
611.89,NA,NA,NA,0.126589213197014,NA,0.0126466346137927,0.880947820289981,1.02018366810079
612.23,NA,NA,NA,0.114145834892746,NA,0.0122622558639644,0.918314934087235,1.04472302484395
612.57,NA,NA,NA,0.116964506120095,NA,0.0108988404084687,0.955864070765885,1.08372741729445
612.91,NA,NA,NA,0.11211619370826,NA,0.0096412222543527,0.992214295332004,1.11397171129462
613.25,NA,NA,NA,0.104210247280081,NA,0.00848160762763788,1.03108569308394,1.14377754799165
613.59,NA,NA,NA,0.101657529624082,NA,0.00762248988235306,1.08286779715172,1.19214781665815
613.92,NA,NA,NA,0.0968406925086429,NA,0.00666387132387715,1.12464051722896,1.22814508106148
614.26,NA,NA,NA,0.0976277701561514,NA,0.00651001458570582,1.17491313019815,1.27905091494001
614.6,NA,NA,NA,0.113792104658876,NA,0.00675614539658323,1.21868986065866,1.33923811071411
614.94,NA,NA,NA,0.0937639649695655,NA,0.00567689932216384,1.2608251145403,1.36026597883203
615.28,NA,NA,NA,NA,NA,0.00541149628157615,1.29455558580568,1.29996708208725
615.61,NA,NA,NA,NA,NA,0.00472305163783935,1.33556128948853,1.34028434112637
615.95,NA,NA,NA,NA,NA,0.00423407640354874,1.4004416702197,1.40467574662325
616.29,NA,NA,NA,NA,NA,0.00439881298444273,1.45521518676553,1.45961399974998
616.63,NA,NA,NA,NA,NA,0.00393285326881739,1.50251224456183,1.50644509783064
616.96,NA,NA,NA,NA,NA,0.00304022772901058,1.54422352784145,1.54726375557046
617.3,NA,NA,NA,NA,NA,0.0029446476593502,1.59366018572585,1.5966048333852
617.64,NA,NA,NA,NA,NA,0.0025021501514117,1.6393202952521,1.64182244540351
617.98,NA,NA,NA,NA,NA,0.00236745398179961,1.6744175252566,1.6767849792384
618.32,NA,NA,NA,NA,NA,0.00182989008627287,1.72365889180488,1.72548878189116
618.65,NA,NA,NA,NA,NA,0.00174807008851603,1.75126014922347,1.75300821931199
618.99,NA,NA,NA,NA,NA,0.000680105066403352,1.7810058260153,1.7816859310817
619.33,NA,NA,NA,NA,NA,0.000647090430208128,1.8033872650243,1.80403435545451
619.66,NA,NA,NA,NA,NA,0.00115095445945117,1.82673103314704,1.82788198760649
620,NA,NA,NA,NA,NA,0.00105605251869904,1.8586745340775,1.8597305865962
620.34,NA,NA,NA,NA,NA,NA,1.88605008137302,1.88605008137302
620.68,NA,NA,NA,NA,NA,NA,1.90229571342945,1.90229571342945
621.01,NA,NA,NA,NA,NA,NA,1.92100930569738,1.92100930569738
621.35,NA,NA,NA,NA,NA,NA,1.92799907734359,1.92799907734359
621.69,NA,NA,NA,NA,NA,NA,1.92012681479657,1.92012681479657
622.02,NA,NA,NA,NA,NA,NA,1.91944763065099,1.91944763065099
622.36,NA,NA,NA,NA,NA,NA,1.91546022265405,1.91546022265405
622.7,NA,NA,NA,NA,NA,NA,1.89840804237985,1.89840804237985
623.04,NA,NA,NA,NA,NA,NA,1.89331619318768,1.89331619318768
623.37,NA,NA,NA,NA,NA,NA,1.8709613430658,1.8709613430658
623.71,NA,NA,NA,NA,NA,NA,1.85340243746944,1.85340243746944
624.05,NA,NA,NA,NA,NA,NA,1.83322628896279,1.83322628896279
624.38,NA,NA,NA,NA,NA,NA,1.81372720174108,1.81372720174108
624.72,NA,NA,NA,NA,NA,NA,1.77707462908512,1.77707462908512
625.06,NA,NA,NA,NA,NA,NA,1.7433112796331,1.7433112796331
625.39,NA,NA,NA,NA,NA,NA,1.71683788215173,1.71683788215173
625.73,NA,NA,NA,NA,NA,NA,1.68267416374848,1.68267416374848
626.07,NA,NA,NA,NA,NA,NA,1.64266423451488,1.64266423451488
626.4,NA,NA,NA,NA,NA,NA,1.59884412884328,1.59884412884328
626.74,NA,NA,NA,NA,NA,NA,1.56199126446661,1.56199126446661
627.07,NA,NA,NA,NA,NA,NA,1.50957054302465,1.50957054302465
627.41,NA,NA,NA,NA,NA,NA,1.46050197891175,1.46050197891175
627.75,NA,NA,NA,NA,NA,NA,1.4138574972935,1.4138574972935
628.08,NA,NA,NA,NA,NA,NA,1.36492901813251,1.36492901813251
628.42,NA,NA,NA,NA,NA,NA,1.31428440977594,1.31428440977594
628.75,NA,NA,NA,NA,NA,NA,1.26245750160427,1.26245750160427
629.09,NA,NA,NA,NA,NA,NA,1.2118260825845,1.2118260825845
629.43,NA,NA,NA,NA,NA,NA,1.15571408677722,1.15571408677722
629.76,NA,NA,NA,NA,NA,NA,1.1116844075855,1.1116844075855
630.1,NA,NA,NA,NA,NA,NA,1.06731396468483,1.06731396468483
630.43,NA,NA,NA,NA,NA,NA,1.02043151262555,1.02043151262555
630.77,NA,NA,NA,NA,NA,NA,0.96332627858382,0.96332627858382
631.11,NA,NA,NA,NA,NA,NA,0.912543140822623,0.912543140822623
631.44,NA,NA,NA,NA,NA,NA,0.870000140119665,0.870000140119665
631.78,NA,NA,NA,NA,NA,NA,0.833286311765535,0.833286311765535
632.11,NA,NA,NA,NA,NA,NA,0.791591520379344,0.791591520379344
632.45,NA,NA,NA,NA,NA,NA,0.748304155846626,0.748304155846626
632.78,NA,NA,NA,NA,NA,NA,0.719457505273435,0.719457505273435
633.12,NA,NA,NA,NA,NA,NA,0.67489743166939,0.67489743166939
633.45,NA,NA,NA,NA,NA,NA,0.624215050177336,0.624215050177336
633.79,NA,NA,NA,NA,NA,NA,0.596267124154844,0.596267124154844
634.12,NA,NA,NA,NA,NA,NA,0.568071283176458,0.568071283176458
634.46,NA,NA,NA,NA,NA,NA,0.540407389361408,0.540407389361408
634.79,NA,NA,NA,NA,NA,NA,0.503423013225113,0.503423013225113
635.13,NA,NA,NA,NA,NA,NA,0.478964553941166,0.478964553941166
635.47,NA,NA,NA,NA,NA,NA,0.452117329023612,0.452117329023612
635.8,NA,NA,NA,NA,NA,NA,0.43138269545727,0.43138269545727
636.14,NA,NA,NA,NA,NA,NA,0.416939181446858,0.416939181446858
636.47,NA,NA,NA,NA,NA,NA,0.37657948055819,0.37657948055819
636.8,NA,NA,NA,NA,NA,NA,0.351209643957626,0.351209643957626
637.14,NA,NA,NA,NA,NA,NA,0.336000872668383,0.336000872668383
637.47,NA,NA,NA,NA,NA,NA,0.325587680942386,0.325587680942386
637.81,NA,NA,NA,NA,NA,NA,0.304624910767009,0.304624910767009
638.14,NA,NA,NA,NA,NA,NA,0.284395110156874,0.284395110156874
638.48,NA,NA,NA,NA,NA,NA,0.266300246003128,0.266300246003128
638.81,NA,NA,NA,NA,NA,NA,0.249967296852635,0.249967296852635
639.15,NA,NA,NA,NA,NA,NA,0.234742738428113,0.234742738428113
639.48,NA,NA,NA,NA,NA,NA,0.21991494385847,0.21991494385847
639.82,NA,NA,NA,NA,NA,NA,0.202569122183803,0.202569122183803
640.15,NA,NA,NA,NA,NA,NA,0.188347037375097,0.188347037375097
640.49,NA,NA,NA,NA,NA,NA,0.171733001835837,0.171733001835837
640.82,NA,NA,NA,NA,NA,NA,0.160598892902495,0.160598892902495
641.15,NA,NA,NA,NA,NA,NA,0.148497754132035,0.148497754132035
641.49,NA,NA,NA,NA,NA,NA,0.141621920147075,0.141621920147075
641.82,NA,NA,NA,NA,NA,NA,0.144059556217056,0.144059556217056
642.16,NA,NA,NA,NA,NA,NA,0.139581254214285,0.139581254214285
642.49,NA,NA,NA,NA,NA,NA,0.121539290214743,0.121539290214743
642.82,NA,NA,NA,NA,NA,NA,0.101624125103324,0.101624125103324
643.16,NA,NA,NA,NA,NA,NA,0.0848264226910918,0.0848264226910918
643.49,NA,NA,NA,NA,NA,NA,0.0765939014817636,0.0765939014817636
643.83,NA,NA,NA,NA,NA,NA,0.0653507003799198,0.0653507003799198
644.16,NA,NA,NA,NA,NA,NA,0.0609732681796963,0.0609732681796963
644.49,NA,NA,NA,NA,NA,NA,0.0766970289036733,0.0766970289036733
644.83,NA,NA,NA,NA,NA,NA,0.0655824521255568,0.0655824521255568
645.16,NA,NA,NA,NA,NA,NA,0.057138193780687,0.057138193780687
645.49,NA,NA,NA,NA,NA,NA,0.0578829285287783,0.0578829285287783
645.83,NA,NA,NA,NA,NA,NA,0.0611163643566201,0.0611163643566201
646.16,NA,NA,NA,NA,NA,NA,0.0547428896178706,0.0547428896178706
646.49,NA,NA,NA,NA,NA,NA,0.0585483194852028,0.0585483194852028
646.83,NA,NA,NA,NA,NA,NA,0.0573365273771064,0.0573365273771064
647.16,NA,NA,NA,NA,NA,NA,0.0426384569723606,0.0426384569723606
647.49,NA,NA,NA,NA,NA,NA,0.0533230922911976,0.0533230922911976
647.83,NA,NA,NA,NA,NA,NA,0.054532301032838,0.054532301032838
648.16,NA,NA,NA,NA,NA,NA,0.0416768019104719,0.0416768019104719
648.49,NA,NA,NA,NA,NA,NA,0.0412343362872711,0.0412343362872711
648.83,NA,NA,NA,NA,NA,NA,0.0439073980696733,0.0439073980696733
649.16,NA,NA,NA,NA,NA,NA,0.0452513203944989,0.0452513203944989
649.49,NA,NA,NA,NA,NA,NA,0.0455464255588523,0.0455464255588523
649.83,NA,NA,NA,NA,NA,NA,0.0328609355397625,0.0328609355397625
650.16,NA,NA,NA,NA,NA,NA,NA,0
650.49,NA,NA,NA,NA,NA,NA,NA,0
650.83,NA,NA,NA,NA,NA,NA,NA,0
651.16,NA,NA,NA,NA,NA,NA,NA,0
651.49,NA,NA,NA,NA,NA,NA,NA,0
651.82,NA,NA,NA,NA,NA,NA,NA,0
652.16,NA,NA,NA,NA,NA,NA,NA,0
652.49,NA,NA,NA,NA,NA,NA,NA,0
652.82,NA,NA,NA,NA,NA,NA,NA,0
653.15,NA,NA,NA,NA,NA,NA,NA,0
653.49,NA,NA,NA,NA,NA,NA,NA,0
653.82,NA,NA,NA,NA,NA,NA,NA,0
654.15,NA,NA,NA,NA,NA,NA,NA,0
654.48,NA,NA,NA,NA,NA,NA,NA,0
654.82,NA,NA,NA,NA,NA,NA,NA,0
655.15,NA,NA,NA,NA,NA,NA,NA,0
655.48,NA,NA,NA,NA,NA,NA,NA,0
655.81,NA,NA,NA,NA,NA,NA,NA,0
656.14,NA,NA,NA,NA,NA,NA,NA,0
656.48,NA,NA,NA,NA,NA,NA,NA,0
656.81,NA,NA,NA,NA,NA,NA,NA,0
657.14,NA,NA,NA,NA,NA,NA,NA,0
657.47,NA,NA,NA,NA,NA,NA,NA,0
657.8,NA,NA,NA,NA,NA,NA,NA,0
658.13,NA,NA,NA,NA,NA,NA,NA,0
658.47,NA,NA,NA,NA,NA,NA,NA,0
658.8,NA,NA,NA,NA,NA,NA,NA,0
659.13,NA,NA,NA,NA,NA,NA,NA,0
659.46,NA,NA,NA,NA,NA,NA,NA,0
659.79,NA,NA,NA,NA,NA,NA,NA,0
660.12,NA,NA,NA,NA,NA,NA,NA,NA
660.46,NA,NA,NA,NA,NA,NA,NA,NA
660.79,NA,NA,NA,NA,NA,NA,NA,NA
661.12,NA,NA,NA,NA,NA,NA,NA,NA
661.45,NA,NA,NA,NA,NA,NA,NA,NA
661.78,NA,NA,NA,NA,NA,NA,NA,NA
662.11,NA,NA,NA,NA,NA,NA,NA,NA
662.44,NA,NA,NA,NA,NA,NA,NA,NA
662.77,NA,NA,NA,NA,NA,NA,NA,NA
663.11,NA,NA,NA,NA,NA,NA,NA,NA
663.44,NA,NA,NA,NA,NA,NA,NA,NA
663.77,NA,NA,NA,NA,NA,NA,NA,NA
664.1,NA,NA,NA,NA,NA,NA,NA,NA
664.43,NA,NA,NA,NA,NA,NA,NA,NA
664.76,NA,NA,NA,NA,NA,NA,NA,NA
665.09,NA,NA,NA,NA,NA,NA,NA,NA
665.42,NA,NA,NA,NA,NA,NA,NA,NA
665.75,NA,NA,NA,NA,NA,NA,NA,NA
666.08,NA,NA,NA,NA,NA,NA,NA,NA
666.41,NA,NA,NA,NA,NA,NA,NA,NA
666.74,NA,NA,NA,NA,NA,NA,NA,NA
667.07,NA,NA,NA,NA,NA,NA,NA,NA
667.4,NA,NA,NA,NA,NA,NA,NA,NA
667.73,NA,NA,NA,NA,NA,NA,NA,NA
668.06,NA,NA,NA,NA,NA,NA,NA,NA
668.39,NA,NA,NA,NA,NA,NA,NA,NA
668.72,NA,NA,NA,NA,NA,NA,NA,NA
669.05,NA,NA,NA,NA,NA,NA,NA,NA
669.38,NA,NA,NA,NA,NA,NA,NA,NA
669.71,NA,NA,NA,NA,NA,NA,NA,NA
670.04,NA,NA,NA,NA,NA,NA,NA,NA
670.37,NA,NA,NA,NA,NA,NA,NA,NA
670.7,NA,NA,NA,NA,NA,NA,NA,NA
671.03,NA,NA,NA,NA,NA,NA,NA,NA
671.36,NA,NA,NA,NA,NA,NA,NA,NA
671.69,NA,NA,NA,NA,NA,NA,NA,NA
672.02,NA,NA,NA,NA,NA,NA,NA,NA
672.35,NA,NA,NA,NA,NA,NA,NA,NA
672.68,NA,NA,NA,NA,NA,NA,NA,NA
673.01,NA,NA,NA,NA,NA,NA,NA,NA
673.34,NA,NA,NA,NA,NA,NA,NA,NA
673.67,NA,NA,NA,NA,NA,NA,NA,NA
674,NA,NA,NA,NA,NA,NA,NA,NA
674.33,NA,NA,NA,NA,NA,NA,NA,NA
674.66,NA,NA,NA,NA,NA,NA,NA,NA
674.99,NA,NA,NA,NA,NA,NA,NA,NA
675.32,NA,NA,NA,NA,NA,NA,NA,NA
675.65,NA,NA,NA,NA,NA,NA,NA,NA
675.98,NA,NA,NA,NA,NA,NA,NA,NA
676.3,NA,NA,NA,NA,NA,NA,NA,NA
676.63,NA,NA,NA,NA,NA,NA,NA,NA
676.96,NA,NA,NA,NA,NA,NA,NA,NA
677.29,NA,NA,NA,NA,NA,NA,NA,NA
677.62,NA,NA,NA,NA,NA,NA,NA,NA
677.95,NA,NA,NA,NA,NA,NA,NA,NA
678.28,NA,NA,NA,NA,NA,NA,NA,NA
678.61,NA,NA,NA,NA,NA,NA,NA,NA
678.93,NA,NA,NA,NA,NA,NA,NA,NA
679.26,NA,NA,NA,NA,NA,NA,NA,NA
679.59,NA,NA,NA,NA,NA,NA,NA,NA
679.92,NA,NA,NA,NA,NA,NA,NA,NA
680.25,NA,NA,NA,NA,NA,NA,NA,NA
680.58,NA,NA,NA,NA,NA,NA,NA,NA
680.91,NA,NA,NA,NA,NA,NA,NA,NA
681.23,NA,NA,NA,NA,NA,NA,NA,NA
681.56,NA,NA,NA,NA,NA,NA,NA,NA
681.89,NA,NA,NA,NA,NA,NA,NA,NA
682.22,NA,NA,NA,NA,NA,NA,NA,NA
682.55,NA,NA,NA,NA,NA,NA,NA,NA
682.87,NA,NA,NA,NA,NA,NA,NA,NA
683.2,NA,NA,NA,NA,NA,NA,NA,NA
683.53,NA,NA,NA,NA,NA,NA,NA,NA
683.86,NA,NA,NA,NA,NA,NA,NA,NA
684.19,NA,NA,NA,NA,NA,NA,NA,NA
684.51,NA,NA,NA,NA,NA,NA,NA,NA
684.84,NA,NA,NA,NA,NA,NA,NA,NA
685.17,NA,NA,NA,NA,NA,NA,NA,NA
685.5,NA,NA,NA,NA,NA,NA,NA,NA
685.82,NA,NA,NA,NA,NA,NA,NA,NA
686.15,NA,NA,NA,NA,NA,NA,NA,NA
686.48,NA,NA,NA,NA,NA,NA,NA,NA
686.81,NA,NA,NA,NA,NA,NA,NA,NA
687.13,NA,NA,NA,NA,NA,NA,NA,NA
687.46,NA,NA,NA,NA,NA,NA,NA,NA
687.79,NA,NA,NA,NA,NA,NA,NA,NA
688.12,NA,NA,NA,NA,NA,NA,NA,NA
688.44,NA,NA,NA,NA,NA,NA,NA,NA
688.77,NA,NA,NA,NA,NA,NA,NA,NA
689.1,NA,NA,NA,NA,NA,NA,NA,NA
689.42,NA,NA,NA,NA,NA,NA,NA,NA
689.75,NA,NA,NA,NA,NA,NA,NA,NA
690.08,NA,NA,NA,NA,NA,NA,NA,NA
690.41,NA,NA,NA,NA,NA,NA,NA,NA
690.73,NA,NA,NA,NA,NA,NA,NA,NA
691.06,NA,NA,NA,NA,NA,NA,NA,NA
691.39,NA,NA,NA,NA,NA,NA,NA,NA
691.71,NA,NA,NA,NA,NA,NA,NA,NA
692.04,NA,NA,NA,NA,NA,NA,NA,NA
692.37,NA,NA,NA,NA,NA,NA,NA,NA
692.69,NA,NA,NA,NA,NA,NA,NA,NA
693.02,NA,NA,NA,NA,NA,NA,NA,NA
693.34,NA,NA,NA,NA,NA,NA,NA,NA
693.67,NA,NA,NA,NA,NA,NA,NA,NA
694,NA,NA,NA,NA,NA,NA,NA,NA
694.32,NA,NA,NA,NA,NA,NA,NA,NA
694.65,NA,NA,NA,NA,NA,NA,NA,NA
694.98,NA,NA,NA,NA,NA,NA,NA,NA
695.3,NA,NA,NA,NA,NA,NA,NA,NA
695.63,NA,NA,NA,NA,NA,NA,NA,NA
695.95,NA,NA,NA,NA,NA,NA,NA,NA
696.28,NA,NA,NA,NA,NA,NA,NA,NA
696.61,NA,NA,NA,NA,NA,NA,NA,NA
696.93,NA,NA,NA,NA,NA,NA,NA,NA
697.26,NA,NA,NA,NA,NA,NA,NA,NA
697.58,NA,NA,NA,NA,NA,NA,NA,NA
697.91,NA,NA,NA,NA,NA,NA,NA,NA
698.23,NA,NA,NA,NA,NA,NA,NA,NA
698.56,NA,NA,NA,NA,NA,NA,NA,NA
698.89,NA,NA,NA,NA,NA,NA,NA,NA
699.21,NA,NA,NA,NA,NA,NA,NA,NA
699.54,NA,NA,NA,NA,NA,NA,NA,NA
699.86,NA,NA,NA,NA,NA,NA,NA,NA
700.19,NA,NA,NA,NA,NA,NA,NA,NA
700.51,NA,NA,NA,NA,NA,NA,NA,NA
700.84,NA,NA,NA,NA,NA,NA,NA,NA
701.16,NA,NA,NA,NA,NA,NA,NA,NA
701.49,NA,NA,NA,NA,NA,NA,NA,NA
701.81,NA,NA,NA,NA,NA,NA,NA,NA
702.14,NA,NA,NA,NA,NA,NA,NA,NA
702.46,NA,NA,NA,NA,NA,NA,NA,NA
702.79,NA,NA,NA,NA,NA,NA,NA,NA
703.11,NA,NA,NA,NA,NA,NA,NA,NA
703.44,NA,NA,NA,NA,NA,NA,NA,NA
703.76,NA,NA,NA,NA,NA,NA,NA,NA
704.09,NA,NA,NA,NA,NA,NA,NA,NA
704.41,NA,NA,NA,NA,NA,NA,NA,NA
704.74,NA,NA,NA,NA,NA,NA,NA,NA
705.06,NA,NA,NA,NA,NA,NA,NA,NA
705.39,NA,NA,NA,NA,NA,NA,NA,NA
705.71,NA,NA,NA,NA,NA,NA,NA,NA
706.04,NA,NA,NA,NA,NA,NA,NA,NA
706.36,NA,NA,NA,NA,NA,NA,NA,NA
706.68,NA,NA,NA,NA,NA,NA,NA,NA
707.01,NA,NA,NA,NA,NA,NA,NA,NA
707.33,NA,NA,NA,NA,NA,NA,NA,NA
707.66,NA,NA,NA,NA,NA,NA,NA,NA
707.98,NA,NA,NA,NA,NA,NA,NA,NA
708.31,NA,NA,NA,NA,NA,NA,NA,NA
708.63,NA,NA,NA,NA,NA,NA,NA,NA
708.95,NA,NA,NA,NA,NA,NA,NA,NA
709.28,NA,NA,NA,NA,NA,NA,NA,NA
709.6,NA,NA,NA,NA,NA,NA,NA,NA
709.93,NA,NA,NA,NA,NA,NA,NA,NA
710.25,NA,NA,NA,NA,NA,NA,NA,NA
710.57,NA,NA,NA,NA,NA,NA,NA,NA
710.9,NA,NA,NA,NA,NA,NA,NA,NA
711.22,NA,NA,NA,NA,NA,NA,NA,NA
711.54,NA,NA,NA,NA,NA,NA,NA,NA
711.87,NA,NA,NA,NA,NA,NA,NA,NA
712.19,NA,NA,NA,NA,NA,NA,NA,NA
712.51,NA,NA,NA,NA,NA,NA,NA,NA
712.84,NA,NA,NA,NA,NA,NA,NA,NA
713.16,NA,NA,NA,NA,NA,NA,NA,NA
713.48,NA,NA,NA,NA,NA,NA,NA,NA
713.81,NA,NA,NA,NA,NA,NA,NA,NA
714.13,NA,NA,NA,NA,NA,NA,NA,NA
714.45,NA,NA,NA,NA,NA,NA,NA,NA
714.78,NA,NA,NA,NA,NA,NA,NA,NA
715.1,NA,NA,NA,NA,NA,NA,NA,NA
715.42,NA,NA,NA,NA,NA,NA,NA,NA
715.75,NA,NA,NA,NA,NA,NA,NA,NA
716.07,NA,NA,NA,NA,NA,NA,NA,NA
716.39,NA,NA,NA,NA,NA,NA,NA,NA
716.71,NA,NA,NA,NA,NA,NA,NA,NA
717.04,NA,NA,NA,NA,NA,NA,NA,NA
717.36,NA,NA,NA,NA,NA,NA,NA,NA
717.68,NA,NA,NA,NA,NA,NA,NA,NA
718,NA,NA,NA,NA,NA,NA,NA,NA
718.33,NA,NA,NA,NA,NA,NA,NA,NA
718.65,NA,NA,NA,NA,NA,NA,NA,NA
718.97,NA,NA,NA,NA,NA,NA,NA,NA
719.29,NA,NA,NA,NA,NA,NA,NA,NA
719.62,NA,NA,NA,NA,NA,NA,NA,NA
719.94,NA,NA,NA,NA,NA,NA,NA,NA
720.26,NA,NA,NA,NA,NA,NA,NA,NA
720.58,NA,NA,NA,NA,NA,NA,NA,NA
720.91,NA,NA,NA,NA,NA,NA,NA,NA
721.23,NA,NA,NA,NA,NA,NA,NA,NA
721.55,NA,NA,NA,NA,NA,NA,NA,NA
721.87,NA,NA,NA,NA,NA,NA,NA,NA
722.19,NA,NA,NA,NA,NA,NA,NA,NA
722.52,NA,NA,NA,NA,NA,NA,NA,NA
722.84,NA,NA,NA,NA,NA,NA,NA,NA
723.16,NA,NA,NA,NA,NA,NA,NA,NA
723.48,NA,NA,NA,NA,NA,NA,NA,NA
723.8,NA,NA,NA,NA,NA,NA,NA,NA
724.12,NA,NA,NA,NA,NA,NA,NA,NA
724.45,NA,NA,NA,NA,NA,NA,NA,NA
724.77,NA,NA,NA,NA,NA,NA,NA,NA
725.09,NA,NA,NA,NA,NA,NA,NA,NA
725.41,NA,NA,NA,NA,NA,NA,NA,NA
725.73,NA,NA,NA,NA,NA,NA,NA,NA
726.05,NA,NA,NA,NA,NA,NA,NA,NA
726.37,NA,NA,NA,NA,NA,NA,NA,NA
726.69,NA,NA,NA,NA,NA,NA,NA,NA
727.02,NA,NA,NA,NA,NA,NA,NA,NA
727.34,NA,NA,NA,NA,NA,NA,NA,NA
727.66,NA,NA,NA,NA,NA,NA,NA,NA
727.98,NA,NA,NA,NA,NA,NA,NA,NA
728.3,NA,NA,NA,NA,NA,NA,NA,NA
728.62,NA,NA,NA,NA,NA,NA,NA,NA
728.94,NA,NA,NA,NA,NA,NA,NA,NA
729.26,NA,NA,NA,NA,NA,NA,NA,NA
729.58,NA,NA,NA,NA,NA,NA,NA,NA
729.9,NA,NA,NA,NA,NA,NA,NA,NA
730.22,NA,NA,NA,NA,NA,NA,NA,NA
730.55,NA,NA,NA,NA,NA,NA,NA,NA
730.87,NA,NA,NA,NA,NA,NA,NA,NA
731.19,NA,NA,NA,NA,NA,NA,NA,NA
731.51,NA,NA,NA,NA,NA,NA,NA,NA
731.83,NA,NA,NA,NA,NA,NA,NA,NA
732.15,NA,NA,NA,NA,NA,NA,NA,NA
732.47,NA,NA,NA,NA,NA,NA,NA,NA
732.79,NA,NA,NA,NA,NA,NA,NA,NA
733.11,NA,NA,NA,NA,NA,NA,NA,NA
733.43,NA,NA,NA,NA,NA,NA,NA,NA
733.75,NA,NA,NA,NA,NA,NA,NA,NA
734.07,NA,NA,NA,NA,NA,NA,NA,NA
734.39,NA,NA,NA,NA,NA,NA,NA,NA
734.71,NA,NA,NA,NA,NA,NA,NA,NA
735.03,NA,NA,NA,NA,NA,NA,NA,NA
735.35,NA,NA,NA,NA,NA,NA,NA,NA
735.67,NA,NA,NA,NA,NA,NA,NA,NA
735.99,NA,NA,NA,NA,NA,NA,NA,NA
736.31,NA,NA,NA,NA,NA,NA,NA,NA
736.63,NA,NA,NA,NA,NA,NA,NA,NA
736.95,NA,NA,NA,NA,NA,NA,NA,NA
737.27,NA,NA,NA,NA,NA,NA,NA,NA
737.58,NA,NA,NA,NA,NA,NA,NA,NA
737.9,NA,NA,NA,NA,NA,NA,NA,NA
738.22,NA,NA,NA,NA,NA,NA,NA,NA
738.54,NA,NA,NA,NA,NA,NA,NA,NA
738.86,NA,NA,NA,NA,NA,NA,NA,NA
739.18,NA,NA,NA,NA,NA,NA,NA,NA
739.5,NA,NA,NA,NA,NA,NA,NA,NA
739.82,NA,NA,NA,NA,NA,NA,NA,NA
740.14,NA,NA,NA,NA,NA,NA,NA,NA
740.46,NA,NA,NA,NA,NA,NA,NA,NA
740.78,NA,NA,NA,NA,NA,NA,NA,NA
741.1,NA,NA,NA,NA,NA,NA,NA,NA
741.41,NA,NA,NA,NA,NA,NA,NA,NA
741.73,NA,NA,NA,NA,NA,NA,NA,NA
742.05,NA,NA,NA,NA,NA,NA,NA,NA
742.37,NA,NA,NA,NA,NA,NA,NA,NA
742.69,NA,NA,NA,NA,NA,NA,NA,NA
743.01,NA,NA,NA,NA,NA,NA,NA,NA
743.33,NA,NA,NA,NA,NA,NA,NA,NA
743.64,NA,NA,NA,NA,NA,NA,NA,NA
743.96,NA,NA,NA,NA,NA,NA,NA,NA
744.28,NA,NA,NA,NA,NA,NA,NA,NA
744.6,NA,NA,NA,NA,NA,NA,NA,NA
744.92,NA,NA,NA,NA,NA,NA,NA,NA
745.24,NA,NA,NA,NA,NA,NA,NA,NA
745.55,NA,NA,NA,NA,NA,NA,NA,NA
745.87,NA,NA,NA,NA,NA,NA,NA,NA
746.19,NA,NA,NA,NA,NA,NA,NA,NA
746.51,NA,NA,NA,NA,NA,NA,NA,NA
746.83,NA,NA,NA,NA,NA,NA,NA,NA
747.14,NA,NA,NA,NA,NA,NA,NA,NA
747.46,NA,NA,NA,NA,NA,NA,NA,NA
747.78,NA,NA,NA,NA,NA,NA,NA,NA
748.1,NA,NA,NA,NA,NA,NA,NA,NA
748.42,NA,NA,NA,NA,NA,NA,NA,NA
748.73,NA,NA,NA,NA,NA,NA,NA,NA
749.05,NA,NA,NA,NA,NA,NA,NA,NA
749.37,NA,NA,NA,NA,NA,NA,NA,NA
749.69,NA,NA,NA,NA,NA,NA,NA,NA
750,NA,NA,NA,NA,NA,NA,NA,NA
750.32,NA,NA,NA,NA,NA,NA,NA,NA
750.64,NA,NA,NA,NA,NA,NA,NA,NA
750.96,NA,NA,NA,NA,NA,NA,NA,NA
751.27,NA,NA,NA,NA,NA,NA,NA,NA
751.59,NA,NA,NA,NA,NA,NA,NA,NA
751.91,NA,NA,NA,NA,NA,NA,NA,NA
752.22,NA,NA,NA,NA,NA,NA,NA,NA
752.54,NA,NA,NA,NA,NA,NA,NA,NA
752.86,NA,NA,NA,NA,NA,NA,NA,NA
753.17,NA,NA,NA,NA,NA,NA,NA,NA
753.49,NA,NA,NA,NA,NA,NA,NA,NA
753.81,NA,NA,NA,NA,NA,NA,NA,NA
754.12,NA,NA,NA,NA,NA,NA,NA,NA
754.44,NA,NA,NA,NA,NA,NA,NA,NA
754.76,NA,NA,NA,NA,NA,NA,NA,NA
755.07,NA,NA,NA,NA,NA,NA,NA,NA
755.39,NA,NA,NA,NA,NA,NA,NA,NA
755.71,NA,NA,NA,NA,NA,NA,NA,NA
756.02,NA,NA,NA,NA,NA,NA,NA,NA
756.34,NA,NA,NA,NA,NA,NA,NA,NA
756.66,NA,NA,NA,NA,NA,NA,NA,NA
756.97,NA,NA,NA,NA,NA,NA,NA,NA
757.29,NA,NA,NA,NA,NA,NA,NA,NA
757.61,NA,NA,NA,NA,NA,NA,NA,NA
757.92,NA,NA,NA,NA,NA,NA,NA,NA
758.24,NA,NA,NA,NA,NA,NA,NA,NA
758.55,NA,NA,NA,NA,NA,NA,NA,NA
758.87,NA,NA,NA,NA,NA,NA,NA,NA
759.19,NA,NA,NA,NA,NA,NA,NA,NA
759.5,NA,NA,NA,NA,NA,NA,NA,NA
759.82,NA,NA,NA,NA,NA,NA,NA,NA
760.13,NA,NA,NA,NA,NA,NA,NA,NA
760.45,NA,NA,NA,NA,NA,NA,NA,NA
760.76,NA,NA,NA,NA,NA,NA,NA,NA
761.08,NA,NA,NA,NA,NA,NA,NA,NA
761.4,NA,NA,NA,NA,NA,NA,NA,NA
761.71,NA,NA,NA,NA,NA,NA,NA,NA
762.03,NA,NA,NA,NA,NA,NA,NA,NA
762.34,NA,NA,NA,NA,NA,NA,NA,NA
762.66,NA,NA,NA,NA,NA,NA,NA,NA
762.97,NA,NA,NA,NA,NA,NA,NA,NA
763.29,NA,NA,NA,NA,NA,NA,NA,NA
763.6,NA,NA,NA,NA,NA,NA,NA,NA
763.92,NA,NA,NA,NA,NA,NA,NA,NA
764.23,NA,NA,NA,NA,NA,NA,NA,NA
764.55,NA,NA,NA,NA,NA,NA,NA,NA
764.86,NA,NA,NA,NA,NA,NA,NA,NA
765.18,NA,NA,NA,NA,NA,NA,NA,NA
765.49,NA,NA,NA,NA,NA,NA,NA,NA
765.81,NA,NA,NA,NA,NA,NA,NA,NA
766.12,NA,NA,NA,NA,NA,NA,NA,NA
766.44,NA,NA,NA,NA,NA,NA,NA,NA
766.75,NA,NA,NA,NA,NA,NA,NA,NA
767.07,NA,NA,NA,NA,NA,NA,NA,NA
767.38,NA,NA,NA,NA,NA,NA,NA,NA
767.7,NA,NA,NA,NA,NA,NA,NA,NA
768.01,NA,NA,NA,NA,NA,NA,NA,NA
768.32,NA,NA,NA,NA,NA,NA,NA,NA
768.64,NA,NA,NA,NA,NA,NA,NA,NA
768.95,NA,NA,NA,NA,NA,NA,NA,NA
769.27,NA,NA,NA,NA,NA,NA,NA,NA
769.58,NA,NA,NA,NA,NA,NA,NA,NA
769.9,NA,NA,NA,NA,NA,NA,NA,NA
770.21,NA,NA,NA,NA,NA,NA,NA,NA
770.52,NA,NA,NA,NA,NA,NA,NA,NA
770.84,NA,NA,NA,NA,NA,NA,NA,NA
771.15,NA,NA,NA,NA,NA,NA,NA,NA
771.47,NA,NA,NA,NA,NA,NA,NA,NA
771.78,NA,NA,NA,NA,NA,NA,NA,NA
772.09,NA,NA,NA,NA,NA,NA,NA,NA
772.41,NA,NA,NA,NA,NA,NA,NA,NA
772.72,NA,NA,NA,NA,NA,NA,NA,NA
773.03,NA,NA,NA,NA,NA,NA,NA,NA
773.35,NA,NA,NA,NA,NA,NA,NA,NA
773.66,NA,NA,NA,NA,NA,NA,NA,NA
773.97,NA,NA,NA,NA,NA,NA,NA,NA
774.29,NA,NA,NA,NA,NA,NA,NA,NA
774.6,NA,NA,NA,NA,NA,NA,NA,NA
774.91,NA,NA,NA,NA,NA,NA,NA,NA
775.23,NA,NA,NA,NA,NA,NA,NA,NA
775.54,NA,NA,NA,NA,NA,NA,NA,NA
775.85,NA,NA,NA,NA,NA,NA,NA,NA
776.17,NA,NA,NA,NA,NA,NA,NA,NA
776.48,NA,NA,NA,NA,NA,NA,NA,NA
776.79,NA,NA,NA,NA,NA,NA,NA,NA
777.11,NA,NA,NA,NA,NA,NA,NA,NA
777.42,NA,NA,NA,NA,NA,NA,NA,NA
777.73,NA,NA,NA,NA,NA,NA,NA,NA
778.04,NA,NA,NA,NA,NA,NA,NA,NA
778.36,NA,NA,NA,NA,NA,NA,NA,NA
778.67,NA,NA,NA,NA,NA,NA,NA,NA
778.98,NA,NA,NA,NA,NA,NA,NA,NA
779.3,NA,NA,NA,NA,NA,NA,NA,NA
779.61,NA,NA,NA,NA,NA,NA,NA,NA
779.92,NA,NA,NA,NA,NA,NA,NA,NA
780.23,NA,NA,NA,NA,NA,NA,NA,NA
780.54,NA,NA,NA,NA,NA,NA,NA,NA
780.86,NA,NA,NA,NA,NA,NA,NA,NA
781.17,NA,NA,NA,NA,NA,NA,NA,NA
781.48,NA,NA,NA,NA,NA,NA,NA,NA
781.79,NA,NA,NA,NA,NA,NA,NA,NA
782.11,NA,NA,NA,NA,NA,NA,NA,NA
782.42,NA,NA,NA,NA,NA,NA,NA,NA
782.73,NA,NA,NA,NA,NA,NA,NA,NA
783.04,NA,NA,NA,NA,NA,NA,NA,NA
783.35,NA,NA,NA,NA,NA,NA,NA,NA
783.67,NA,NA,NA,NA,NA,NA,NA,NA
783.98,NA,NA,NA,NA,NA,NA,NA,NA
784.29,NA,NA,NA,NA,NA,NA,NA,NA
784.6,NA,NA,NA,NA,NA,NA,NA,NA
784.91,NA,NA,NA,NA,NA,NA,NA,NA
785.22,NA,NA,NA,NA,NA,NA,NA,NA
785.54,NA,NA,NA,NA,NA,NA,NA,NA
785.85,NA,NA,NA,NA,NA,NA,NA,NA
786.16,NA,NA,NA,NA,NA,NA,NA,NA
786.47,NA,NA,NA,NA,NA,NA,NA,NA
786.78,NA,NA,NA,NA,NA,NA,NA,NA
787.09,NA,NA,NA,NA,NA,NA,NA,NA
787.4,NA,NA,NA,NA,NA,NA,NA,NA
787.71,NA,NA,NA,NA,NA,NA,NA,NA
788.03,NA,NA,NA,NA,NA,NA,NA,NA
788.34,NA,NA,NA,NA,NA,NA,NA,NA
788.65,NA,NA,NA,NA,NA,NA,NA,NA
788.96,NA,NA,NA,NA,NA,NA,NA,NA
789.27,NA,NA,NA,NA,NA,NA,NA,NA
789.58,NA,NA,NA,NA,NA,NA,NA,NA
789.89,NA,NA,NA,NA,NA,NA,NA,NA
790.2,NA,NA,NA,NA,NA,NA,NA,NA
790.51,NA,NA,NA,NA,NA,NA,NA,NA
790.82,NA,NA,NA,NA,NA,NA,NA,NA
791.13,NA,NA,NA,NA,NA,NA,NA,NA
791.44,NA,NA,NA,NA,NA,NA,NA,NA
791.75,NA,NA,NA,NA,NA,NA,NA,NA
792.06,NA,NA,NA,NA,NA,NA,NA,NA
792.37,NA,NA,NA,NA,NA,NA,NA,NA
792.68,NA,NA,NA,NA,NA,NA,NA,NA
793,NA,NA,NA,NA,NA,NA,NA,NA
793.31,NA,NA,NA,NA,NA,NA,NA,NA
793.62,NA,NA,NA,NA,NA,NA,NA,NA
793.93,NA,NA,NA,NA,NA,NA,NA,NA
794.24,NA,NA,NA,NA,NA,NA,NA,NA
794.55,NA,NA,NA,NA,NA,NA,NA,NA
794.86,NA,NA,NA,NA,NA,NA,NA,NA
795.17,NA,NA,NA,NA,NA,NA,NA,NA
795.47,NA,NA,NA,NA,NA,NA,NA,NA
795.78,NA,NA,NA,NA,NA,NA,NA,NA
796.09,NA,NA,NA,NA,NA,NA,NA,NA
796.4,NA,NA,NA,NA,NA,NA,NA,NA
796.71,NA,NA,NA,NA,NA,NA,NA,NA
797.02,NA,NA,NA,NA,NA,NA,NA,NA
797.33,NA,NA,NA,NA,NA,NA,NA,NA
797.64,NA,NA,NA,NA,NA,NA,NA,NA
797.95,NA,NA,NA,NA,NA,NA,NA,NA
798.26,NA,NA,NA,NA,NA,NA,NA,NA
798.57,NA,NA,NA,NA,NA,NA,NA,NA
798.88,NA,NA,NA,NA,NA,NA,NA,NA
799.19,NA,NA,NA,NA,NA,NA,NA,NA
799.5,NA,NA,NA,NA,NA,NA,NA,NA
799.81,NA,NA,NA,NA,NA,NA,NA,NA
800.12,NA,NA,NA,NA,NA,NA,NA,NA
800.42,NA,NA,NA,NA,NA,NA,NA,NA
800.73,NA,NA,NA,NA,NA,NA,NA,NA
801.04,NA,NA,NA,NA,NA,NA,NA,NA
801.35,NA,NA,NA,NA,NA,NA,NA,NA
801.66,NA,NA,NA,NA,NA,NA,NA,NA
801.97,NA,NA,NA,NA,NA,NA,NA,NA
802.28,NA,NA,NA,NA,NA,NA,NA,NA
802.59,NA,NA,NA,NA,NA,NA,NA,NA
802.89,NA,NA,NA,NA,NA,NA,NA,NA
803.2,NA,NA,NA,NA,NA,NA,NA,NA
803.51,NA,NA,NA,NA,NA,NA,NA,NA
803.82,NA,NA,NA,NA,NA,NA,NA,NA
804.13,NA,NA,NA,NA,NA,NA,NA,NA
804.44,NA,NA,NA,NA,NA,NA,NA,NA
804.74,NA,NA,NA,NA,NA,NA,NA,NA
805.05,NA,NA,NA,NA,NA,NA,NA,NA
805.36,NA,NA,NA,NA,NA,NA,NA,NA
805.67,NA,NA,NA,NA,NA,NA,NA,NA
805.98,NA,NA,NA,NA,NA,NA,NA,NA
806.28,NA,NA,NA,NA,NA,NA,NA,NA
806.59,NA,NA,NA,NA,NA,NA,NA,NA
806.9,NA,NA,NA,NA,NA,NA,NA,NA
807.21,NA,NA,NA,NA,NA,NA,NA,NA
807.52,NA,NA,NA,NA,NA,NA,NA,NA
807.82,NA,NA,NA,NA,NA,NA,NA,NA
808.13,NA,NA,NA,NA,NA,NA,NA,NA
808.44,NA,NA,NA,NA,NA,NA,NA,NA
808.75,NA,NA,NA,NA,NA,NA,NA,NA
809.05,NA,NA,NA,NA,NA,NA,NA,NA
809.36,NA,NA,NA,NA,NA,NA,NA,NA
809.67,NA,NA,NA,NA,NA,NA,NA,NA
809.97,NA,NA,NA,NA,NA,NA,NA,NA
810.28,NA,NA,NA,NA,NA,NA,NA,NA
810.59,NA,NA,NA,NA,NA,NA,NA,NA
810.9,NA,NA,NA,NA,NA,NA,NA,NA
811.2,NA,NA,NA,NA,NA,NA,NA,NA
811.51,NA,NA,NA,NA,NA,NA,NA,NA
811.82,NA,NA,NA,NA,NA,NA,NA,NA
812.12,NA,NA,NA,NA,NA,NA,NA,NA
812.43,NA,NA,NA,NA,NA,NA,NA,NA
812.74,NA,NA,NA,NA,NA,NA,NA,NA
813.04,NA,NA,NA,NA,NA,NA,NA,NA
813.35,NA,NA,NA,NA,NA,NA,NA,NA
813.66,NA,NA,NA,NA,NA,NA,NA,NA
813.96,NA,NA,NA,NA,NA,NA,NA,NA
814.27,NA,NA,NA,NA,NA,NA,NA,NA
814.58,NA,NA,NA,NA,NA,NA,NA,NA
814.88,NA,NA,NA,NA,NA,NA,NA,NA
815.19,NA,NA,NA,NA,NA,NA,NA,NA
815.5,NA,NA,NA,NA,NA,NA,NA,NA
815.8,NA,NA,NA,NA,NA,NA,NA,NA
816.11,NA,NA,NA,NA,NA,NA,NA,NA
816.41,NA,NA,NA,NA,NA,NA,NA,NA
816.72,NA,NA,NA,NA,NA,NA,NA,NA
817.03,NA,NA,NA,NA,NA,NA,NA,NA
817.33,NA,NA,NA,NA,NA,NA,NA,NA
817.64,NA,NA,NA,NA,NA,NA,NA,NA
817.94,NA,NA,NA,NA,NA,NA,NA,NA
818.25,NA,NA,NA,NA,NA,NA,NA,NA
818.56,NA,NA,NA,NA,NA,NA,NA,NA
818.86,NA,NA,NA,NA,NA,NA,NA,NA
819.17,NA,NA,NA,NA,NA,NA,NA,NA
819.47,NA,NA,NA,NA,NA,NA,NA,NA
819.78,NA,NA,NA,NA,NA,NA,NA,NA
820.08,NA,NA,NA,NA,NA,NA,NA,NA
820.39,NA,NA,NA,NA,NA,NA,NA,NA
820.7,NA,NA,NA,NA,NA,NA,NA,NA
821,NA,NA,NA,NA,NA,NA,NA,NA
821.31,NA,NA,NA,NA,NA,NA,NA,NA
821.61,NA,NA,NA,NA,NA,NA,NA,NA
821.92,NA,NA,NA,NA,NA,NA,NA,NA
822.22,NA,NA,NA,NA,NA,NA,NA,NA
822.53,NA,NA,NA,NA,NA,NA,NA,NA
822.83,NA,NA,NA,NA,NA,NA,NA,NA
823.14,NA,NA,NA,NA,NA,NA,NA,NA
823.44,NA,NA,NA,NA,NA,NA,NA,NA
823.75,NA,NA,NA,NA,NA,NA,NA,NA
824.05,NA,NA,NA,NA,NA,NA,NA,NA
824.36,NA,NA,NA,NA,NA,NA,NA,NA
824.66,NA,NA,NA,NA,NA,NA,NA,NA
824.96,NA,NA,NA,NA,NA,NA,NA,NA
825.27,NA,NA,NA,NA,NA,NA,NA,NA
825.57,NA,NA,NA,NA,NA,NA,NA,NA
825.88,NA,NA,NA,NA,NA,NA,NA,NA
826.18,NA,NA,NA,NA,NA,NA,NA,NA
826.49,NA,NA,NA,NA,NA,NA,NA,NA
826.79,NA,NA,NA,NA,NA,NA,NA,NA
827.1,NA,NA,NA,NA,NA,NA,NA,NA
827.4,NA,NA,NA,NA,NA,NA,NA,NA
827.7,NA,NA,NA,NA,NA,NA,NA,NA
828.01,NA,NA,NA,NA,NA,NA,NA,NA
828.31,NA,NA,NA,NA,NA,NA,NA,NA
828.62,NA,NA,NA,NA,NA,NA,NA,NA
828.92,NA,NA,NA,NA,NA,NA,NA,NA
829.22,NA,NA,NA,NA,NA,NA,NA,NA
829.53,NA,NA,NA,NA,NA,NA,NA,NA
829.83,NA,NA,NA,NA,NA,NA,NA,NA
830.14,NA,NA,NA,NA,NA,NA,NA,NA
830.44,NA,NA,NA,NA,NA,NA,NA,NA
830.74,NA,NA,NA,NA,NA,NA,NA,NA
831.05,NA,NA,NA,NA,NA,NA,NA,NA
831.35,NA,NA,NA,NA,NA,NA,NA,NA
831.65,NA,NA,NA,NA,NA,NA,NA,NA
831.96,NA,NA,NA,NA,NA,NA,NA,NA
832.26,NA,NA,NA,NA,NA,NA,NA,NA
832.56,NA,NA,NA,NA,NA,NA,NA,NA
832.87,NA,NA,NA,NA,NA,NA,NA,NA
833.17,NA,NA,NA,NA,NA,NA,NA,NA
833.47,NA,NA,NA,NA,NA,NA,NA,NA
833.78,NA,NA,NA,NA,NA,NA,NA,NA
834.08,NA,NA,NA,NA,NA,NA,NA,NA
834.38,NA,NA,NA,NA,NA,NA,NA,NA
834.68,NA,NA,NA,NA,NA,NA,NA,NA
834.99,NA,NA,NA,NA,NA,NA,NA,NA
835.29,NA,NA,NA,NA,NA,NA,NA,NA
835.59,NA,NA,NA,NA,NA,NA,NA,NA
835.89,NA,NA,NA,NA,NA,NA,NA,NA
836.2,NA,NA,NA,NA,NA,NA,NA,NA
836.5,NA,NA,NA,NA,NA,NA,NA,NA
836.8,NA,NA,NA,NA,NA,NA,NA,NA
837.11,NA,NA,NA,NA,NA,NA,NA,NA
837.41,NA,NA,NA,NA,NA,NA,NA,NA
837.71,NA,NA,NA,NA,NA,NA,NA,NA
838.01,NA,NA,NA,NA,NA,NA,NA,NA
838.31,NA,NA,NA,NA,NA,NA,NA,NA
838.62,NA,NA,NA,NA,NA,NA,NA,NA
838.92,NA,NA,NA,NA,NA,NA,NA,NA
839.22,NA,NA,NA,NA,NA,NA,NA,NA
839.52,NA,NA,NA,NA,NA,NA,NA,NA
839.82,NA,NA,NA,NA,NA,NA,NA,NA
840.13,NA,NA,NA,NA,NA,NA,NA,NA
840.43,NA,NA,NA,NA,NA,NA,NA,NA
840.73,NA,NA,NA,NA,NA,NA,NA,NA
841.03,NA,NA,NA,NA,NA,NA,NA,NA
841.33,NA,NA,NA,NA,NA,NA,NA,NA
841.64,NA,NA,NA,NA,NA,NA,NA,NA
841.94,NA,NA,NA,NA,NA,NA,NA,NA
842.24,NA,NA,NA,NA,NA,NA,NA,NA
842.54,NA,NA,NA,NA,NA,NA,NA,NA
842.84,NA,NA,NA,NA,NA,NA,NA,NA
843.14,NA,NA,NA,NA,NA,NA,NA,NA
843.44,NA,NA,NA,NA,NA,NA,NA,NA
843.74,NA,NA,NA,NA,NA,NA,NA,NA
844.05,NA,NA,NA,NA,NA,NA,NA,NA
844.35,NA,NA,NA,NA,NA,NA,NA,NA
844.65,NA,NA,NA,NA,NA,NA,NA,NA
844.95,NA,NA,NA,NA,NA,NA,NA,NA
845.25,NA,NA,NA,NA,NA,NA,NA,NA
845.55,NA,NA,NA,NA,NA,NA,NA,NA
845.85,NA,NA,NA,NA,NA,NA,NA,NA
846.15,NA,NA,NA,NA,NA,NA,NA,NA
846.45,NA,NA,NA,NA,NA,NA,NA,NA
846.75,NA,NA,NA,NA,NA,NA,NA,NA
847.05,NA,NA,NA,NA,NA,NA,NA,NA
847.36,NA,NA,NA,NA,NA,NA,NA,NA
847.66,NA,NA,NA,NA,NA,NA,NA,NA
847.96,NA,NA,NA,NA,NA,NA,NA,NA
848.26,NA,NA,NA,NA,NA,NA,NA,NA
848.56,NA,NA,NA,NA,NA,NA,NA,NA
848.86,NA,NA,NA,NA,NA,NA,NA,NA
849.16,NA,NA,NA,NA,NA,NA,NA,NA
849.46,NA,NA,NA,NA,NA,NA,NA,NA
849.76,NA,NA,NA,NA,NA,NA,NA,NA
850.06,NA,NA,NA,NA,NA,NA,NA,NA
850.36,NA,NA,NA,NA,NA,NA,NA,NA
850.66,NA,NA,NA,NA,NA,NA,NA,NA
850.96,NA,NA,NA,NA,NA,NA,NA,NA
851.26,NA,NA,NA,NA,NA,NA,NA,NA
851.56,NA,NA,NA,NA,NA,NA,NA,NA
851.86,NA,NA,NA,NA,NA,NA,NA,NA
852.16,NA,NA,NA,NA,NA,NA,NA,NA
852.46,NA,NA,NA,NA,NA,NA,NA,NA
852.76,NA,NA,NA,NA,NA,NA,NA,NA
853.06,NA,NA,NA,NA,NA,NA,NA,NA
853.36,NA,NA,NA,NA,NA,NA,NA,NA
853.65,NA,NA,NA,NA,NA,NA,NA,NA
853.95,NA,NA,NA,NA,NA,NA,NA,NA
854.25,NA,NA,NA,NA,NA,NA,NA,NA
854.55,NA,NA,NA,NA,NA,NA,NA,NA
854.85,NA,NA,NA,NA,NA,NA,NA,NA
855.15,NA,NA,NA,NA,NA,NA,NA,NA
855.45,NA,NA,NA,NA,NA,NA,NA,NA
855.75,NA,NA,NA,NA,NA,NA,NA,NA
856.05,NA,NA,NA,NA,NA,NA,NA,NA
856.35,NA,NA,NA,NA,NA,NA,NA,NA
856.65,NA,NA,NA,NA,NA,NA,NA,NA
856.94,NA,NA,NA,NA,NA,NA,NA,NA
857.24,NA,NA,NA,NA,NA,NA,NA,NA
857.54,NA,NA,NA,NA,NA,NA,NA,NA
857.84,NA,NA,NA,NA,NA,NA,NA,NA
858.14,NA,NA,NA,NA,NA,NA,NA,NA
858.44,NA,NA,NA,NA,NA,NA,NA,NA
858.74,NA,NA,NA,NA,NA,NA,NA,NA
859.03,NA,NA,NA,NA,NA,NA,NA,NA
859.33,NA,NA,NA,NA,NA,NA,NA,NA
859.63,NA,NA,NA,NA,NA,NA,NA,NA
859.93,NA,NA,NA,NA,NA,NA,NA,NA
860.23,NA,NA,NA,NA,NA,NA,NA,NA
860.53,NA,NA,NA,NA,NA,NA,NA,NA
860.82,NA,NA,NA,NA,NA,NA,NA,NA
861.12,NA,NA,NA,NA,NA,NA,NA,NA
861.42,NA,NA,NA,NA,NA,NA,NA,NA
861.72,NA,NA,NA,NA,NA,NA,NA,NA
862.02,NA,NA,NA,NA,NA,NA,NA,NA
862.31,NA,NA,NA,NA,NA,NA,NA,NA
862.61,NA,NA,NA,NA,NA,NA,NA,NA
862.91,NA,NA,NA,NA,NA,NA,NA,NA
863.21,NA,NA,NA,NA,NA,NA,NA,NA
863.5,NA,NA,NA,NA,NA,NA,NA,NA
863.8,NA,NA,NA,NA,NA,NA,NA,NA
864.1,NA,NA,NA,NA,NA,NA,NA,NA
864.4,NA,NA,NA,NA,NA,NA,NA,NA
864.69,NA,NA,NA,NA,NA,NA,NA,NA
864.99,NA,NA,NA,NA,NA,NA,NA,NA
865.29,NA,NA,NA,NA,NA,NA,NA,NA
865.59,NA,NA,NA,NA,NA,NA,NA,NA
865.88,NA,NA,NA,NA,NA,NA,NA,NA
866.18,NA,NA,NA,NA,NA,NA,NA,NA
866.48,NA,NA,NA,NA,NA,NA,NA,NA
866.77,NA,NA,NA,NA,NA,NA,NA,NA
867.07,NA,NA,NA,NA,NA,NA,NA,NA
867.37,NA,NA,NA,NA,NA,NA,NA,NA
867.66,NA,NA,NA,NA,NA,NA,NA,NA
867.96,NA,NA,NA,NA,NA,NA,NA,NA
868.26,NA,NA,NA,NA,NA,NA,NA,NA
868.56,NA,NA,NA,NA,NA,NA,NA,NA
868.85,NA,NA,NA,NA,NA,NA,NA,NA
869.15,NA,NA,NA,NA,NA,NA,NA,NA
869.44,NA,NA,NA,NA,NA,NA,NA,NA
869.74,NA,NA,NA,NA,NA,NA,NA,NA
870.04,NA,NA,NA,NA,NA,NA,NA,NA
870.33,NA,NA,NA,NA,NA,NA,NA,NA
870.63,NA,NA,NA,NA,NA,NA,NA,NA
870.93,NA,NA,NA,NA,NA,NA,NA,NA
871.22,NA,NA,NA,NA,NA,NA,NA,NA
871.52,NA,NA,NA,NA,NA,NA,NA,NA
871.81,NA,NA,NA,NA,NA,NA,NA,NA
872.11,NA,NA,NA,NA,NA,NA,NA,NA
872.41,NA,NA,NA,NA,NA,NA,NA,NA
872.7,NA,NA,NA,NA,NA,NA,NA,NA
873,NA,NA,NA,NA,NA,NA,NA,NA
873.29,NA,NA,NA,NA,NA,NA,NA,NA
873.59,NA,NA,NA,NA,NA,NA,NA,NA
873.89,NA,NA,NA,NA,NA,NA,NA,NA
874.18,NA,NA,NA,NA,NA,NA,NA,NA
874.48,NA,NA,NA,NA,NA,NA,NA,NA
874.77,NA,NA,NA,NA,NA,NA,NA,NA
875.07,NA,NA,NA,NA,NA,NA,NA,NA
875.36,NA,NA,NA,NA,NA,NA,NA,NA
875.66,NA,NA,NA,NA,NA,NA,NA,NA
875.95,NA,NA,NA,NA,NA,NA,NA,NA
876.25,NA,NA,NA,NA,NA,NA,NA,NA
876.54,NA,NA,NA,NA,NA,NA,NA,NA
876.84,NA,NA,NA,NA,NA,NA,NA,NA
877.13,NA,NA,NA,NA,NA,NA,NA,NA
877.43,NA,NA,NA,NA,NA,NA,NA,NA
877.72,NA,NA,NA,NA,NA,NA,NA,NA
878.02,NA,NA,NA,NA,NA,NA,NA,NA
878.31,NA,NA,NA,NA,NA,NA,NA,NA
878.61,NA,NA,NA,NA,NA,NA,NA,NA
878.9,NA,NA,NA,NA,NA,NA,NA,NA
879.2,NA,NA,NA,NA,NA,NA,NA,NA
879.49,NA,NA,NA,NA,NA,NA,NA,NA
879.79,NA,NA,NA,NA,NA,NA,NA,NA
880.08,NA,NA,NA,NA,NA,NA,NA,NA
880.38,NA,NA,NA,NA,NA,NA,NA,NA
880.67,NA,NA,NA,NA,NA,NA,NA,NA
880.96,NA,NA,NA,NA,NA,NA,NA,NA
881.26,NA,NA,NA,NA,NA,NA,NA,NA
881.55,NA,NA,NA,NA,NA,NA,NA,NA
881.85,NA,NA,NA,NA,NA,NA,NA,NA
